CustomerID,AmountSpent,ProductCategory,LoginFrequency,ServiceUsage,Days_Since_Last_Transaction,Days_Since_last_Interaction,Days_Since_Last_Login
374,375.26,Books,47,Online Banking,1125,,562
272,120.92,Books,26,Online Banking,1113,1044.0,724
983,75.68,Groceries,49,Mobile App,961,968.0,792
966,386.83,Groceries,4,Mobile App,1150,,785
191,318.77,Books,2,Website,1143,1198.0,875
619,244.19,Groceries,31,Online Banking,1186,957.0,804
403,291.77,Clothing,8,Online Banking,935,1094.0,679
400,392.01,Books,39,Online Banking,1285,,843
605,214.35,Books,17,Mobile App,1180,,908
867,200.61,Groceries,18,Website,1269,,567
183,410.31,Groceries,49,Online Banking,1085,1252.0,810
20,191.96,Electronics,16,Website,935,1086.0,694
953,447.05,Groceries,43,Website,1275,992.0,627
501,344.81,Books,25,Online Banking,1107,,816
139,46.89,Clothing,22,Website,1170,1087.0,767
942,400.83,Electronics,36,Online Banking,961,,757
714,10.91,Electronics,8,Mobile App,928,,670
885,367.84,Electronics,43,Mobile App,1169,1202.0,912
470,317.82,Groceries,5,Website,958,1208.0,761
798,159.66,Books,5,Mobile App,1178,1195.0,774
828,178.81,Electronics,32,Online Banking,1038,1078.0,636
300,156.61,Clothing,32,Website,1069,979.0,633
424,196.85,Electronics,39,Website,1215,1119.0,654
90,115.5,Groceries,47,Online Banking,1278,1039.0,771
877,309.67,Electronics,36,Website,951,,770
345,133.96,Electronics,29,Online Banking,1270,1070.0,670
374,170.94,Clothing,47,Online Banking,941,,562
893,169.98,Books,38,Mobile App,1173,1004.0,634
550,379.11,Groceries,39,Online Banking,1077,948.0,557
762,135.18,Electronics,34,Mobile App,1154,1218.0,611
627,123.68,Groceries,49,Website,1038,1094.0,601
203,377.85,Furniture,21,Website,988,1046.0,815
438,127.09,Clothing,48,Website,1253,1187.0,811
482,457.4,Electronics,35,Website,1226,1256.0,896
185,264.5,Groceries,4,Online Banking,955,991.0,625
113,470.73,Books,44,Online Banking,1095,1058.0,819
274,331.14,Clothing,35,Online Banking,1218,1127.0,897
469,272.07,Furniture,4,Mobile App,1208,1104.0,624
382,164.06,Groceries,14,Mobile App,1043,965.0,861
999,80.28,Books,23,Website,989,,913
654,41.17,Books,19,Mobile App,983,1213.0,871
762,215.69,Clothing,34,Mobile App,1058,1218.0,611
612,201.9,Clothing,41,Online Banking,1189,1214.0,570
330,329.14,Furniture,17,Mobile App,1073,,660
171,446.7,Books,8,Mobile App,1022,1027.0,797
316,24.28,Groceries,18,Mobile App,1281,,893
232,38.55,Furniture,32,Online Banking,1231,1211.0,670
599,268.61,Electronics,3,Website,1031,1139.0,571
542,207.32,Clothing,4,Mobile App,1242,,733
521,205.48,Furniture,43,Website,1274,1255.0,881
175,71.74,Books,4,Website,1078,1262.0,590
838,67.09,Groceries,16,Online Banking,1150,992.0,918
379,116.04,Groceries,29,Online Banking,1075,1006.0,716
778,153.24,Furniture,6,Online Banking,1235,1019.0,716
213,241.51,Electronics,30,Website,1284,1273.0,867
846,465.26,Furniture,41,Mobile App,1214,,659
596,377.81,Furniture,4,Mobile App,1173,,763
3,299.86,Groceries,3,Website,1225,1050.0,602
406,142.59,Furniture,15,Website,1204,1018.0,558
953,377.41,Electronics,43,Website,1026,992.0,627
481,495.85,Books,32,Website,1222,1175.0,721
822,39.66,Books,24,Mobile App,1214,1257.0,892
570,366.96,Books,21,Mobile App,1027,1050.0,705
688,359.25,Clothing,6,Website,1145,951.0,643
226,121.24,Electronics,11,Mobile App,1041,1265.0,852
413,491.3,Books,33,Website,1271,1170.0,846
273,31.8,Books,40,Mobile App,949,,679
518,362.81,Books,8,Mobile App,1009,1173.0,653
211,194.33,Furniture,35,Online Banking,1262,,859
227,96.12,Electronics,15,Online Banking,1096,,609
428,375.65,Books,36,Mobile App,1234,1104.0,699
776,276.74,Books,31,Mobile App,1059,1234.0,703
770,193.06,Groceries,36,Website,1214,1284.0,891
314,470.83,Books,26,Mobile App,988,1071.0,841
43,218.4,Groceries,25,Mobile App,1168,1195.0,776
684,324.97,Electronics,48,Mobile App,1067,1265.0,716
661,437.18,Electronics,27,Mobile App,1079,,636
617,468.77,Books,2,Online Banking,1145,,899
420,404.28,Furniture,37,Website,1049,1067.0,915
935,211.08,Books,33,Website,1198,1186.0,620
490,278.71,Books,40,Online Banking,1069,1036.0,862
832,383.15,Clothing,21,Website,1156,,687
625,392.65,Books,3,Mobile App,993,,706
103,68.4,Books,46,Mobile App,932,927.0,804
580,126.27,Groceries,12,Website,987,1117.0,586
717,298.11,Furniture,34,Website,1042,967.0,798
897,248.17,Books,10,Mobile App,1033,935.0,688
243,261.07,Electronics,18,Website,1190,934.0,578
814,183.15,Books,3,Online Banking,1178,1039.0,779
476,420.21,Furniture,34,Mobile App,1193,996.0,891
109,312.51,Electronics,20,Mobile App,1257,941.0,803
491,177.72,Groceries,44,Website,1191,924.0,587
771,180.32,Furniture,6,Online Banking,1235,1144.0,818
440,138.91,Books,34,Online Banking,1056,986.0,871
683,218.67,Clothing,26,Online Banking,1176,1235.0,690
40,310.6,Groceries,20,Website,1072,959.0,634
771,471.73,Furniture,6,Online Banking,959,1164.0,818
551,376.14,Furniture,45,Mobile App,1000,1105.0,918
258,403.78,Groceries,19,Mobile App,1167,974.0,753
523,130.29,Furniture,11,Mobile App,974,,687
506,385.66,Groceries,1,Online Banking,1260,1260.0,699
474,393.94,Electronics,47,Online Banking,1054,1120.0,847
372,35.85,Groceries,23,Website,1110,1161.0,622
72,184.84,Clothing,25,Online Banking,1258,1284.0,806
466,101.53,Electronics,28,Online Banking,1117,,745
878,444.03,Groceries,47,Website,1040,,704
641,440.52,Furniture,7,Online Banking,1001,1223.0,755
413,362.0,Furniture,33,Website,1136,1034.0,846
953,217.01,Books,43,Website,1203,1223.0,627
445,262.76,Electronics,30,Online Banking,1233,1078.0,774
815,475.29,Furniture,44,Online Banking,935,,688
556,274.97,Groceries,42,Online Banking,1075,981.0,881
501,90.9,Clothing,25,Online Banking,1248,,816
129,115.9,Books,13,Website,953,1156.0,841
976,411.94,Electronics,44,Online Banking,1282,,873
665,254.25,Clothing,36,Online Banking,1109,922.0,755
883,31.85,Electronics,4,Website,992,1261.0,633
751,496.89,Clothing,34,Website,1117,924.0,685
426,208.48,Books,31,Website,1141,,668
578,487.42,Books,30,Mobile App,996,1022.0,808
699,451.89,Groceries,8,Mobile App,956,,876
92,187.74,Clothing,37,Mobile App,1019,1199.0,739
671,184.87,Books,45,Online Banking,941,991.0,862
234,119.48,Electronics,23,Online Banking,1092,,751
610,319.25,Clothing,11,Mobile App,1023,,580
982,126.46,Clothing,4,Mobile App,1212,1017.0,750
599,93.4,Clothing,3,Website,1253,974.0,571
160,271.46,Furniture,43,Online Banking,1192,1237.0,799
228,332.94,Books,32,Website,1128,1070.0,632
954,471.49,Books,20,Online Banking,976,,720
566,13.95,Furniture,38,Online Banking,950,,755
346,494.8,Electronics,17,Online Banking,1216,1278.0,914
573,421.93,Groceries,4,Website,1003,,898
836,248.41,Furniture,47,Mobile App,1087,1025.0,764
633,241.96,Furniture,37,Online Banking,1258,1083.0,613
470,483.16,Books,5,Website,1209,1208.0,761
268,251.8,Electronics,26,Mobile App,982,,568
557,382.14,Groceries,27,Online Banking,938,1153.0,585
408,280.44,Clothing,22,Online Banking,1205,1145.0,634
893,287.46,Electronics,38,Mobile App,1199,1004.0,634
962,29.2,Groceries,19,Online Banking,1217,1122.0,827
520,418.31,Furniture,9,Mobile App,936,1130.0,724
103,436.92,Clothing,46,Mobile App,993,1016.0,804
576,75.14,Furniture,4,Website,1122,1130.0,566
631,238.83,Books,15,Website,1154,1036.0,717
601,329.23,Clothing,25,Website,974,1188.0,667
970,19.71,Books,19,Website,1099,1107.0,840
382,27.39,Furniture,14,Mobile App,1084,965.0,861
633,72.47,Electronics,37,Online Banking,1263,1200.0,613
56,138.07,Groceries,14,Mobile App,1095,,689
908,23.7,Groceries,3,Website,1262,1115.0,581
780,385.3,Clothing,39,Mobile App,1266,1032.0,629
236,149.68,Electronics,30,Online Banking,934,1278.0,653
942,136.06,Furniture,36,Online Banking,1023,,757
95,229.9,Groceries,12,Online Banking,1062,1075.0,750
104,124.52,Furniture,3,Online Banking,1171,1174.0,839
247,154.02,Electronics,2,Online Banking,1007,990.0,563
837,86.41,Clothing,13,Website,978,,683
444,343.78,Books,31,Mobile App,942,,581
680,348.02,Groceries,16,Website,1092,,563
505,324.56,Furniture,22,Mobile App,933,1152.0,747
230,67.94,Clothing,9,Online Banking,1020,1244.0,674
50,413.93,Groceries,19,Online Banking,1039,1228.0,725
505,220.69,Books,22,Mobile App,1105,1152.0,747
737,161.81,Furniture,16,Mobile App,965,1199.0,788
570,249.65,Furniture,21,Mobile App,1199,983.0,705
279,469.02,Clothing,6,Mobile App,1219,1183.0,819
584,179.95,Furniture,44,Online Banking,1187,1117.0,610
306,359.91,Furniture,17,Mobile App,1282,,798
790,409.43,Clothing,10,Website,1048,1063.0,803
254,40.58,Books,1,Mobile App,1090,1077.0,684
195,243.5,Electronics,14,Website,1136,1049.0,855
743,344.42,Groceries,14,Online Banking,1055,1238.0,712
723,226.2,Clothing,13,Website,1086,945.0,768
576,211.06,Groceries,4,Website,1208,1044.0,566
427,134.34,Books,13,Online Banking,949,1063.0,695
28,467.92,Electronics,42,Online Banking,1090,951.0,622
728,212.91,Furniture,37,Website,1021,1004.0,796
953,452.34,Electronics,43,Website,1141,992.0,627
157,325.98,Groceries,27,Mobile App,1166,,757
150,290.43,Books,38,Mobile App,1252,,741
224,498.29,Groceries,5,Website,1022,,785
565,457.88,Groceries,30,Website,1153,984.0,809
693,455.11,Furniture,43,Mobile App,1128,1098.0,647
960,238.79,Groceries,41,Online Banking,1114,1164.0,880
28,56.85,Electronics,42,Online Banking,934,951.0,622
478,499.13,Furniture,34,Mobile App,1201,,724
551,361.36,Books,45,Mobile App,951,1105.0,918
575,69.39,Clothing,21,Mobile App,1080,1029.0,730
141,481.57,Electronics,41,Online Banking,1083,1143.0,742
156,49.77,Furniture,11,Mobile App,1245,,740
91,32.66,Electronics,43,Mobile App,1170,1272.0,887
919,91.22,Electronics,29,Website,1013,,573
492,442.45,Clothing,38,Online Banking,1211,,915
787,241.7,Books,14,Website,1177,1028.0,791
623,94.72,Groceries,41,Online Banking,1256,963.0,819
688,480.97,Clothing,6,Website,1186,951.0,643
262,339.95,Groceries,30,Website,1267,1224.0,886
626,194.6,Clothing,16,Website,1070,,863
940,352.79,Furniture,27,Mobile App,1071,1034.0,827
15,185.6,Clothing,44,Online Banking,936,995.0,755
750,472.13,Groceries,7,Website,978,1076.0,688
669,62.98,Groceries,19,Website,1224,932.0,611
652,336.03,Furniture,40,Website,1269,1120.0,783
859,300.41,Electronics,16,Website,928,,716
180,416.95,Books,6,Online Banking,975,,891
258,276.42,Clothing,19,Mobile App,1001,974.0,753
756,431.05,Groceries,25,Mobile App,1221,,700
951,108.17,Clothing,39,Online Banking,1221,1147.0,609
502,332.58,Furniture,38,Mobile App,1201,1193.0,658
124,401.66,Books,33,Website,1215,948.0,871
501,438.28,Electronics,25,Online Banking,940,,816
654,221.45,Groceries,19,Mobile App,1025,1213.0,871
978,276.24,Groceries,26,Mobile App,972,1003.0,664
869,30.29,Electronics,19,Online Banking,1066,1064.0,572
752,469.85,Books,27,Website,1062,923.0,580
324,139.93,Books,4,Mobile App,1212,1055.0,867
951,254.01,Books,39,Online Banking,1229,1147.0,609
441,426.53,Clothing,43,Mobile App,1149,963.0,620
651,97.77,Books,26,Online Banking,1232,,784
703,82.57,Electronics,15,Mobile App,1081,1086.0,662
16,52.67,Books,41,Online Banking,957,1105.0,847
519,440.76,Clothing,18,Mobile App,1038,1134.0,761
459,62.87,Groceries,5,Mobile App,1019,1172.0,849
210,381.46,Clothing,29,Online Banking,1070,,716
555,100.29,Clothing,3,Website,1177,,608
695,498.81,Books,24,Mobile App,997,1177.0,881
758,101.5,Groceries,18,Online Banking,969,1104.0,702
406,20.69,Groceries,15,Website,1114,1018.0,558
694,204.93,Groceries,4,Online Banking,1020,,909
502,59.75,Furniture,38,Mobile App,984,1253.0,658
565,401.7,Groceries,30,Website,1265,984.0,809
823,223.74,Furniture,17,Online Banking,1246,979.0,556
122,278.53,Groceries,17,Mobile App,1115,1195.0,756
962,475.95,Clothing,19,Online Banking,1156,1122.0,827
349,444.82,Books,24,Mobile App,1217,1122.0,689
439,459.61,Electronics,41,Online Banking,1067,1235.0,870
278,222.74,Clothing,22,Online Banking,1174,1068.0,868
659,59.8,Books,10,Website,1097,1058.0,653
964,493.11,Electronics,9,Online Banking,1173,981.0,849
3,419.95,Furniture,3,Website,1026,1050.0,602
548,359.85,Furniture,24,Website,1029,,588
51,23.42,Books,3,Mobile App,1168,,617
315,262.82,Clothing,23,Mobile App,1197,1269.0,639
127,478.44,Furniture,11,Website,1059,1168.0,903
254,444.41,Groceries,1,Mobile App,1010,1077.0,684
667,430.85,Furniture,8,Online Banking,1280,1219.0,629
321,400.15,Electronics,32,Online Banking,947,1163.0,618
759,384.04,Clothing,13,Website,1212,1147.0,850
545,257.09,Groceries,43,Website,1011,1062.0,640
430,148.98,Furniture,47,Online Banking,960,1162.0,738
303,201.88,Electronics,34,Online Banking,1167,1051.0,781
236,323.12,Electronics,30,Online Banking,1073,1278.0,653
839,58.22,Electronics,29,Mobile App,976,,742
486,83.77,Electronics,5,Online Banking,1050,1243.0,691
564,453.42,Electronics,45,Online Banking,1032,,764
68,237.01,Books,5,Website,976,1260.0,715
782,18.26,Clothing,11,Mobile App,1234,1091.0,671
689,120.03,Electronics,11,Mobile App,931,,897
985,476.8,Groceries,9,Website,1207,1155.0,858
789,158.97,Clothing,2,Website,921,1084.0,658
11,462.0,Groceries,30,Online Banking,1226,985.0,899
685,50.37,Clothing,40,Website,1272,,713
778,350.37,Books,6,Online Banking,1186,938.0,716
838,61.52,Furniture,16,Online Banking,1045,1048.0,918
126,208.23,Books,15,Website,1061,,787
633,470.22,Groceries,37,Online Banking,1169,1083.0,613
14,186.37,Groceries,26,Online Banking,1150,1080.0,911
62,359.92,Electronics,16,Mobile App,1021,1225.0,682
104,407.66,Clothing,3,Online Banking,944,1174.0,839
262,114.63,Groceries,30,Website,960,1224.0,886
171,230.56,Groceries,8,Mobile App,1279,1027.0,797
750,472.13,Groceries,7,Website,978,1140.0,688
386,188.1,Furniture,26,Website,1132,1197.0,625
500,475.94,Clothing,46,Online Banking,997,,595
509,171.3,Books,22,Website,1075,1054.0,701
762,221.27,Clothing,34,Mobile App,1260,1218.0,611
553,438.49,Furniture,46,Website,1170,,593
575,48.33,Electronics,21,Mobile App,1092,1029.0,730
827,257.5,Books,38,Online Banking,1123,,639
182,359.68,Clothing,32,Online Banking,990,1044.0,758
438,397.77,Furniture,48,Website,1234,1187.0,811
678,165.75,Furniture,47,Online Banking,1007,1004.0,809
110,301.71,Clothing,25,Website,1076,947.0,638
936,280.94,Books,29,Mobile App,1140,,712
34,240.24,Clothing,44,Online Banking,1083,1147.0,828
361,419.41,Electronics,49,Mobile App,1026,,812
242,107.37,Groceries,35,Online Banking,1230,1136.0,874
612,272.55,Clothing,41,Online Banking,1070,1061.0,570
636,304.32,Groceries,7,Online Banking,1128,933.0,651
521,440.27,Electronics,43,Website,1184,1148.0,881
865,488.9,Clothing,47,Mobile App,1039,992.0,760
254,40.58,Books,1,Mobile App,1090,1093.0,684
294,403.54,Furniture,22,Online Banking,951,1035.0,843
701,196.46,Groceries,41,Online Banking,1102,,903
57,216.17,Groceries,44,Online Banking,1234,945.0,720
519,66.03,Electronics,18,Mobile App,1167,1134.0,761
6,104.0,Furniture,2,Website,1102,1161.0,661
551,433.34,Groceries,45,Mobile App,1158,1283.0,918
947,245.27,Furniture,31,Website,1162,1257.0,795
996,227.25,Books,38,Mobile App,1081,,892
625,406.31,Electronics,3,Mobile App,930,,706
469,419.98,Electronics,4,Mobile App,1000,1104.0,624
92,400.48,Books,37,Mobile App,1088,1007.0,739
99,51.54,Groceries,14,Online Banking,973,,880
482,430.42,Clothing,35,Website,1144,1256.0,896
243,44.12,Groceries,18,Website,1271,934.0,578
982,66.92,Clothing,4,Mobile App,1131,1017.0,750
692,10.83,Clothing,29,Website,1200,,746
914,124.46,Books,43,Website,1231,1096.0,709
868,319.74,Electronics,12,Website,982,,718
214,376.61,Electronics,41,Online Banking,1262,,615
539,213.21,Groceries,13,Mobile App,1265,1026.0,656
812,427.62,Groceries,39,Mobile App,1028,1092.0,853
591,215.12,Electronics,20,Online Banking,1126,1047.0,808
54,178.11,Groceries,22,Online Banking,1122,961.0,901
771,80.66,Electronics,6,Online Banking,1159,1144.0,818
365,6.26,Books,24,Online Banking,996,1115.0,619
230,31.86,Books,9,Online Banking,1267,1034.0,674
905,326.58,Books,7,Online Banking,1086,1118.0,590
22,463.48,Groceries,42,Mobile App,1006,1279.0,795
62,91.91,Books,16,Mobile App,956,925.0,682
887,74.35,Books,3,Website,1068,1259.0,851
22,218.65,Clothing,42,Mobile App,994,1279.0,795
737,123.68,Electronics,16,Mobile App,1109,1199.0,788
941,115.69,Clothing,16,Website,1023,,656
884,100.29,Furniture,8,Online Banking,1164,1103.0,643
212,57.72,Groceries,37,Website,924,981.0,756
838,142.05,Books,16,Online Banking,1234,992.0,918
331,230.85,Electronics,30,Website,1067,960.0,919
396,234.23,Groceries,1,Online Banking,1033,1169.0,794
358,81.23,Electronics,24,Mobile App,1077,994.0,904
432,410.41,Clothing,26,Mobile App,1007,,571
34,269.06,Books,44,Online Banking,1091,1147.0,828
474,186.21,Groceries,47,Online Banking,926,1066.0,847
660,326.68,Clothing,8,Mobile App,1083,1049.0,696
347,213.9,Clothing,33,Mobile App,1002,1099.0,720
611,264.56,Clothing,10,Online Banking,1228,1108.0,637
694,7.74,Groceries,4,Online Banking,1237,,909
34,212.9,Electronics,44,Online Banking,1004,1147.0,828
126,162.91,Groceries,15,Website,970,,787
589,369.13,Clothing,11,Mobile App,1105,1098.0,811
570,366.96,Books,21,Mobile App,1027,983.0,705
363,76.29,Books,27,Online Banking,1249,1254.0,920
276,301.46,Electronics,26,Online Banking,1211,,768
726,239.81,Clothing,30,Online Banking,1009,983.0,680
361,233.14,Groceries,49,Mobile App,984,,812
650,471.36,Electronics,38,Online Banking,1214,1028.0,679
71,136.01,Clothing,47,Online Banking,979,1183.0,692
589,57.56,Books,11,Mobile App,964,963.0,811
690,247.84,Groceries,29,Online Banking,932,,565
610,317.83,Clothing,11,Mobile App,1113,,580
529,167.45,Electronics,26,Online Banking,1068,1273.0,783
141,481.57,Electronics,41,Online Banking,1083,1257.0,742
773,65.26,Clothing,35,Website,934,,733
989,469.8,Furniture,29,Website,1269,1071.0,714
623,315.05,Books,41,Online Banking,1011,963.0,819
604,122.1,Electronics,31,Website,1003,1021.0,795
790,403.39,Electronics,10,Website,980,1063.0,803
363,145.39,Clothing,27,Online Banking,1254,1254.0,920
227,362.96,Electronics,15,Online Banking,1252,,609
469,349.28,Books,4,Mobile App,1120,1253.0,624
648,443.29,Electronics,28,Website,1232,1218.0,698
544,445.72,Books,36,Website,924,1131.0,869
880,49.97,Clothing,49,Online Banking,1067,1130.0,607
741,447.21,Electronics,30,Website,937,1124.0,748
708,268.56,Electronics,28,Website,1276,1189.0,649
700,480.46,Groceries,38,Online Banking,1068,1252.0,569
517,87.97,Books,11,Online Banking,1039,,910
897,47.57,Electronics,10,Mobile App,993,1008.0,688
349,49.45,Books,24,Mobile App,1024,1122.0,689
465,324.6,Clothing,46,Website,977,,603
262,474.7,Electronics,30,Website,991,1224.0,886
687,117.36,Groceries,20,Online Banking,1237,1270.0,593
377,479.59,Groceries,10,Online Banking,1285,1139.0,790
222,379.85,Books,7,Website,940,,767
352,97.49,Electronics,26,Website,1199,946.0,676
327,46.49,Clothing,28,Website,1174,1012.0,682
103,306.25,Furniture,46,Mobile App,1205,927.0,804
565,152.13,Books,30,Website,965,1131.0,809
848,407.35,Electronics,35,Mobile App,975,1098.0,918
647,12.46,Electronics,24,Mobile App,1274,1111.0,851
812,318.96,Groceries,39,Mobile App,1016,1267.0,853
253,103.82,Furniture,7,Online Banking,1236,1083.0,584
734,22.45,Furniture,11,Mobile App,1231,941.0,674
906,163.07,Groceries,38,Website,923,,828
928,225.6,Books,40,Website,1076,947.0,780
893,402.4,Books,38,Mobile App,1015,1114.0,634
986,133.02,Furniture,49,Online Banking,1004,1285.0,609
595,27.78,Furniture,48,Online Banking,1280,987.0,808
906,294.45,Clothing,38,Website,929,,828
940,196.28,Books,27,Mobile App,1041,1034.0,827
292,163.11,Furniture,37,Website,971,1252.0,581
525,132.07,Clothing,41,Website,1214,958.0,580
778,384.45,Electronics,6,Online Banking,1260,938.0,716
439,21.73,Electronics,41,Online Banking,1089,1107.0,870
60,457.37,Groceries,25,Mobile App,1174,1200.0,860
758,26.34,Groceries,18,Online Banking,1027,938.0,702
585,432.45,Clothing,41,Online Banking,990,1092.0,823
636,63.8,Books,7,Online Banking,962,933.0,651
337,454.52,Groceries,34,Website,927,,683
875,443.99,Furniture,9,Website,932,,585
876,62.47,Books,4,Online Banking,1280,1005.0,658
292,171.84,Groceries,37,Website,1171,1169.0,581
776,459.53,Books,31,Mobile App,1178,1234.0,703
81,143.57,Books,40,Website,1247,,584
185,287.09,Furniture,4,Online Banking,1191,991.0,625
318,463.05,Books,44,Website,1023,,667
393,325.75,Books,43,Website,1053,1262.0,583
796,97.79,Electronics,16,Website,1185,,881
703,140.42,Electronics,15,Mobile App,999,1086.0,662
558,451.1,Groceries,12,Online Banking,965,,624
469,349.28,Books,4,Mobile App,1120,1104.0,624
379,142.24,Groceries,29,Online Banking,1189,1006.0,716
414,246.51,Electronics,30,Online Banking,942,1098.0,674
891,185.0,Groceries,46,Website,1228,1137.0,847
812,111.75,Electronics,39,Mobile App,974,1092.0,853
262,339.95,Groceries,30,Website,1267,1178.0,886
431,132.6,Furniture,31,Website,943,1172.0,775
715,112.98,Furniture,38,Online Banking,1120,986.0,768
495,219.8,Electronics,37,Online Banking,1211,1175.0,914
985,71.24,Books,9,Website,1177,1168.0,858
457,366.66,Electronics,44,Website,1193,1207.0,756
11,334.62,Books,30,Online Banking,1129,985.0,899
735,60.1,Electronics,28,Website,1059,1060.0,643
203,288.64,Electronics,21,Website,1001,1082.0,815
522,83.08,Electronics,28,Website,1243,1032.0,663
486,83.77,Electronics,5,Online Banking,1050,1071.0,691
167,449.96,Furniture,40,Website,976,948.0,859
324,149.31,Groceries,4,Mobile App,1222,1050.0,867
27,390.78,Electronics,22,Mobile App,1148,1122.0,647
816,261.65,Books,31,Online Banking,1145,,628
771,80.66,Electronics,6,Online Banking,1159,1164.0,818
244,24.71,Electronics,15,Online Banking,1193,1212.0,749
717,56.27,Clothing,34,Website,1113,1245.0,798
2,199.73,Groceries,5,Website,963,1210.0,582
65,417.53,Electronics,27,Mobile App,1088,,653
452,416.67,Electronics,25,Online Banking,1140,1117.0,630
174,367.77,Books,36,Mobile App,1237,1197.0,853
864,347.62,Electronics,34,Website,1211,,842
925,390.93,Furniture,38,Mobile App,1086,,901
81,340.38,Books,40,Website,1144,,584
251,204.24,Electronics,28,Website,1270,1000.0,838
34,111.43,Furniture,44,Online Banking,1096,1103.0,828
81,145.39,Furniture,40,Website,1262,,584
201,446.8,Books,27,Online Banking,1235,1053.0,695
914,100.22,Electronics,43,Website,1251,1096.0,709
507,296.26,Books,25,Online Banking,1200,1025.0,633
714,25.82,Clothing,8,Mobile App,1233,,670
449,435.43,Furniture,34,Mobile App,1010,1174.0,790
454,453.12,Books,10,Online Banking,1017,,727
464,474.43,Clothing,22,Website,1269,,576
519,164.16,Books,18,Mobile App,1161,1134.0,761
408,404.56,Groceries,22,Online Banking,954,1018.0,634
360,335.76,Electronics,14,Online Banking,1198,988.0,836
245,394.18,Clothing,21,Online Banking,1092,,783
723,157.71,Clothing,13,Website,1190,945.0,768
515,237.79,Groceries,19,Online Banking,1165,,915
737,463.64,Clothing,16,Mobile App,1130,1199.0,788
288,145.77,Electronics,1,Website,1055,988.0,841
325,177.08,Clothing,41,Online Banking,994,959.0,648
197,49.43,Books,39,Online Banking,1078,1212.0,846
234,50.6,Groceries,23,Online Banking,1268,,751
458,177.18,Furniture,33,Website,1094,,911
570,41.32,Clothing,21,Mobile App,1052,983.0,705
789,24.26,Electronics,2,Website,1136,1157.0,658
897,409.79,Books,10,Mobile App,1111,1008.0,688
979,365.35,Clothing,6,Website,1112,1081.0,783
122,467.17,Books,17,Mobile App,936,1195.0,756
697,323.27,Furniture,12,Online Banking,1083,,729
642,393.07,Groceries,6,Online Banking,1095,995.0,694
540,209.25,Clothing,6,Online Banking,1258,1095.0,904
330,143.78,Furniture,17,Mobile App,1271,,660
695,317.22,Electronics,24,Mobile App,1232,1177.0,881
550,352.76,Books,39,Online Banking,1095,948.0,557
675,412.76,Electronics,48,Online Banking,1236,1129.0,763
921,102.64,Furniture,36,Online Banking,932,1085.0,612
448,212.2,Books,41,Mobile App,1283,,670
718,397.05,Groceries,38,Mobile App,1234,1057.0,728
874,488.21,Electronics,8,Mobile App,1038,1011.0,558
88,222.98,Groceries,13,Online Banking,1061,,882
978,9.66,Furniture,26,Mobile App,1257,1003.0,664
800,312.15,Electronics,15,Online Banking,944,1011.0,773
948,185.53,Furniture,9,Mobile App,1197,,878
155,177.59,Clothing,18,Website,1230,1026.0,823
73,137.62,Clothing,24,Online Banking,1106,1059.0,621
939,394.48,Furniture,6,Website,1100,,595
835,182.75,Furniture,1,Mobile App,1231,961.0,719
472,85.83,Furniture,6,Mobile App,922,,557
902,7.49,Books,39,Online Banking,1121,1251.0,661
773,362.2,Books,35,Website,1124,,733
398,327.29,Groceries,23,Online Banking,1068,1021.0,639
113,101.31,Clothing,44,Online Banking,998,1058.0,819
393,44.72,Books,43,Website,1051,1262.0,583
515,439.65,Electronics,19,Online Banking,1283,,915
867,168.51,Books,18,Website,1002,,567
123,375.92,Groceries,23,Mobile App,1115,971.0,847
640,336.12,Furniture,45,Website,985,1044.0,593
146,267.25,Electronics,8,Mobile App,1112,,575
352,238.13,Books,26,Website,1017,946.0,676
485,415.74,Books,28,Mobile App,1179,968.0,663
701,473.3,Electronics,41,Online Banking,1063,,903
988,252.54,Clothing,31,Website,1282,1184.0,876
659,280.14,Clothing,10,Website,965,1058.0,653
791,111.29,Clothing,42,Website,989,970.0,566
479,133.62,Books,11,Website,1114,1114.0,675
441,447.59,Groceries,43,Mobile App,954,963.0,620
917,327.2,Furniture,9,Mobile App,1253,1118.0,791
617,430.86,Electronics,2,Online Banking,1014,,899
889,65.76,Groceries,4,Mobile App,1139,,895
196,236.93,Books,39,Website,1275,1169.0,899
247,22.47,Groceries,2,Online Banking,1038,990.0,563
203,324.7,Groceries,21,Website,1217,1082.0,815
48,72.34,Books,34,Website,1087,,758
911,409.54,Groceries,27,Mobile App,1171,,863
91,116.1,Clothing,43,Mobile App,1171,1272.0,887
699,39.15,Electronics,8,Mobile App,995,,876
482,430.42,Clothing,35,Website,1144,1213.0,896
589,437.52,Clothing,11,Mobile App,950,1098.0,811
570,366.48,Groceries,21,Mobile App,1234,983.0,705
518,245.64,Clothing,8,Mobile App,1089,1173.0,653
122,49.64,Furniture,17,Mobile App,1058,1195.0,756
17,344.04,Electronics,8,Online Banking,1086,1155.0,675
1000,166.73,Books,22,Mobile App,1188,,696
809,78.62,Electronics,5,Mobile App,1169,,880
350,206.93,Electronics,25,Online Banking,1015,1126.0,808
100,370.31,Clothing,45,Online Banking,925,951.0,768
651,132.81,Furniture,26,Online Banking,1002,,784
891,185.0,Groceries,46,Website,1228,944.0,847
758,198.41,Groceries,18,Online Banking,1089,1104.0,702
640,232.77,Groceries,45,Website,933,1044.0,593
233,462.94,Clothing,33,Website,1191,1023.0,660
914,265.23,Furniture,43,Website,944,1096.0,709
12,87.1,Electronics,43,Website,980,953.0,556
628,67.65,Groceries,42,Website,1163,956.0,905
838,142.05,Books,16,Online Banking,1234,1048.0,918
523,10.03,Books,11,Mobile App,928,,687
509,134.33,Electronics,22,Website,1241,1054.0,701
771,37.04,Furniture,6,Online Banking,986,1144.0,818
178,469.67,Groceries,20,Website,1093,,795
43,380.34,Groceries,25,Mobile App,980,966.0,776
602,58.12,Groceries,37,Mobile App,1208,,788
616,104.3,Books,29,Online Banking,1049,1055.0,695
814,79.07,Books,3,Online Banking,1024,1043.0,779
78,377.08,Groceries,35,Mobile App,1180,959.0,641
593,339.06,Clothing,9,Online Banking,983,1028.0,917
875,441.56,Books,9,Website,950,,585
902,405.51,Electronics,39,Online Banking,1204,1251.0,661
380,51.9,Furniture,16,Mobile App,1108,,760
633,241.96,Furniture,37,Online Banking,1258,1200.0,613
643,178.92,Clothing,27,Online Banking,1045,,661
841,101.52,Furniture,29,Website,938,1185.0,705
101,492.35,Groceries,35,Online Banking,1127,1159.0,906
918,89.91,Groceries,39,Mobile App,1252,,637
43,305.2,Clothing,25,Mobile App,1047,966.0,776
326,237.52,Books,10,Website,1192,,836
789,76.14,Furniture,2,Website,989,1157.0,658
365,146.93,Electronics,24,Online Banking,1216,1115.0,619
876,209.27,Groceries,4,Online Banking,1093,1005.0,658
596,283.09,Electronics,4,Mobile App,1128,,763
951,108.17,Clothing,39,Online Banking,1221,1114.0,609
259,45.1,Books,39,Online Banking,1250,1129.0,846
594,346.33,Electronics,30,Mobile App,1079,927.0,761
116,364.59,Books,39,Mobile App,1231,1140.0,689
671,366.71,Groceries,45,Online Banking,1036,991.0,862
813,443.26,Books,49,Website,1097,,579
987,101.04,Books,14,Mobile App,1034,,762
204,379.03,Books,38,Online Banking,1059,1098.0,793
683,435.35,Clothing,26,Online Banking,1250,1121.0,690
716,442.8,Books,47,Mobile App,1279,1207.0,910
213,350.61,Groceries,30,Website,1254,1273.0,867
110,65.04,Books,25,Website,993,1066.0,638
235,279.74,Electronics,15,Mobile App,1202,1094.0,559
951,100.6,Electronics,39,Online Banking,990,1114.0,609
228,497.61,Electronics,32,Website,1277,1070.0,632
407,383.84,Electronics,48,Mobile App,1013,1206.0,684
370,204.58,Books,47,Online Banking,1257,1018.0,748
766,238.58,Books,34,Website,1127,1238.0,731
15,383.9,Electronics,44,Online Banking,971,995.0,755
508,225.5,Furniture,33,Online Banking,1207,,627
596,343.82,Furniture,4,Mobile App,1167,,763
953,100.2,Groceries,43,Website,1239,992.0,627
392,245.17,Groceries,33,Mobile App,1164,1111.0,675
885,213.09,Electronics,43,Mobile App,1268,1009.0,912
572,460.59,Electronics,6,Website,923,,895
49,354.86,Groceries,18,Online Banking,1208,,871
198,457.76,Clothing,45,Online Banking,1100,,749
575,190.29,Books,21,Mobile App,1011,1068.0,730
847,470.34,Groceries,28,Online Banking,1082,1088.0,595
820,408.6,Furniture,5,Online Banking,975,,670
928,353.47,Books,40,Website,1083,947.0,780
835,302.59,Electronics,1,Mobile App,1053,961.0,719
232,263.34,Furniture,32,Online Banking,976,958.0,670
169,199.62,Books,39,Mobile App,1188,1096.0,752
960,255.21,Clothing,41,Online Banking,1038,1164.0,880
786,247.85,Clothing,46,Mobile App,994,1070.0,668
124,401.66,Books,33,Website,1215,927.0,871
164,184.18,Furniture,2,Website,1019,946.0,592
207,365.01,Groceries,43,Website,1049,,834
481,432.99,Books,32,Website,1252,1175.0,721
669,63.54,Books,19,Website,980,932.0,611
864,289.27,Electronics,34,Website,976,,842
103,306.25,Furniture,46,Mobile App,1205,1016.0,804
642,68.27,Electronics,6,Online Banking,1145,995.0,694
284,205.51,Groceries,6,Mobile App,1253,,786
105,289.24,Furniture,30,Website,1255,1127.0,563
737,329.72,Groceries,16,Mobile App,1099,1199.0,788
93,182.01,Electronics,42,Mobile App,942,1189.0,632
20,485.84,Clothing,16,Website,1029,1086.0,694
655,317.35,Electronics,26,Mobile App,1156,1124.0,890
105,444.57,Furniture,30,Website,972,997.0,563
850,38.12,Books,44,Mobile App,1183,,689
660,365.33,Electronics,8,Mobile App,1157,1172.0,696
535,167.42,Furniture,17,Mobile App,1186,,744
368,495.94,Furniture,8,Online Banking,938,,904
247,259.07,Clothing,2,Online Banking,1118,1232.0,563
665,481.26,Furniture,36,Online Banking,1044,922.0,755
766,336.78,Electronics,34,Website,1201,1238.0,731
819,58.98,Books,24,Website,1144,1048.0,795
877,169.27,Books,36,Website,1262,,770
940,196.28,Books,27,Mobile App,1041,1229.0,827
704,122.04,Books,5,Website,1166,,614
329,322.05,Furniture,37,Online Banking,970,1112.0,696
388,475.45,Furniture,5,Online Banking,1002,,688
569,182.8,Electronics,38,Online Banking,1052,992.0,595
333,471.51,Electronics,11,Website,1121,934.0,574
158,29.7,Groceries,30,Online Banking,1232,,645
901,336.36,Electronics,12,Website,1087,,907
132,405.19,Books,36,Website,1136,,755
546,426.34,Electronics,14,Online Banking,1265,1055.0,880
634,186.63,Electronics,23,Mobile App,1014,966.0,810
407,355.91,Furniture,48,Mobile App,1243,1206.0,684
152,104.43,Groceries,48,Mobile App,939,,648
405,25.74,Groceries,5,Online Banking,1082,,865
437,112.57,Clothing,13,Website,960,,658
816,73.24,Groceries,31,Online Banking,1161,,628
656,353.1,Books,35,Mobile App,1015,,730
188,97.95,Furniture,49,Mobile App,997,1282.0,833
275,197.17,Clothing,3,Website,1129,1149.0,755
891,414.34,Groceries,46,Website,1146,944.0,847
175,264.9,Books,4,Website,983,1207.0,590
984,146.15,Electronics,44,Website,1271,1207.0,800
487,251.86,Clothing,34,Mobile App,1187,1016.0,637
440,488.65,Electronics,34,Online Banking,945,986.0,871
505,220.69,Books,22,Mobile App,1105,1208.0,747
878,73.24,Electronics,47,Website,1104,,704
883,19.26,Furniture,4,Website,1178,1261.0,633
954,373.22,Electronics,20,Online Banking,978,,720
577,166.77,Furniture,35,Website,1190,1084.0,806
14,412.2,Furniture,26,Online Banking,1179,1080.0,911
141,323.48,Electronics,41,Online Banking,1214,1257.0,742
671,178.09,Books,45,Online Banking,1021,991.0,862
401,284.12,Furniture,28,Website,1277,1119.0,687
388,13.27,Electronics,5,Online Banking,1152,,688
353,266.08,Electronics,16,Online Banking,1212,1009.0,843
215,452.15,Books,42,Online Banking,1046,958.0,610
334,464.71,Books,11,Online Banking,1106,1125.0,903
469,457.86,Furniture,4,Mobile App,936,1253.0,624
8,263.24,Books,17,Online Banking,988,1167.0,809
987,284.42,Books,14,Mobile App,1250,,762
866,322.66,Groceries,49,Website,1104,,561
163,259.3,Electronics,22,Mobile App,1027,1223.0,908
282,403.47,Electronics,3,Online Banking,951,988.0,718
464,307.89,Clothing,22,Website,952,,576
620,61.68,Groceries,12,Online Banking,991,1228.0,865
229,411.94,Books,37,Website,1130,1062.0,564
391,341.17,Clothing,30,Mobile App,993,,719
164,184.49,Books,2,Website,994,946.0,592
808,372.13,Clothing,20,Online Banking,1006,991.0,691
297,276.73,Groceries,3,Mobile App,1047,,642
80,110.82,Furniture,32,Mobile App,1191,,761
152,395.38,Groceries,48,Mobile App,1259,,648
114,393.41,Furniture,24,Website,977,,707
944,20.16,Furniture,30,Website,1242,1017.0,766
966,170.62,Clothing,4,Mobile App,953,,785
749,155.68,Groceries,44,Online Banking,1199,1239.0,864
87,462.52,Clothing,43,Website,1044,1226.0,595
4,123.59,Groceries,2,Website,951,964.0,684
454,19.76,Clothing,10,Online Banking,926,,727
344,403.2,Clothing,8,Mobile App,1147,1188.0,743
359,491.53,Books,36,Website,1084,1154.0,798
940,192.34,Clothing,27,Mobile App,1272,1034.0,827
109,129.28,Clothing,20,Mobile App,987,1152.0,803
124,317.32,Clothing,33,Website,1000,948.0,871
502,222.66,Clothing,38,Mobile App,963,1253.0,658
873,303.76,Clothing,46,Website,1005,,628
912,25.9,Electronics,6,Mobile App,1104,971.0,710
660,332.62,Groceries,8,Mobile App,1273,1049.0,696
770,66.07,Groceries,36,Website,974,1284.0,891
601,179.78,Books,25,Website,1024,1181.0,667
335,386.88,Books,2,Mobile App,1086,997.0,560
870,358.81,Furniture,36,Website,1247,953.0,903
856,214.57,Electronics,48,Website,1048,,783
548,355.3,Books,24,Website,1249,,588
633,439.27,Clothing,37,Online Banking,923,1083.0,613
807,465.22,Electronics,13,Mobile App,1037,,862
841,398.25,Clothing,29,Website,1129,1185.0,705
251,346.3,Books,28,Website,1196,1000.0,838
566,481.22,Furniture,38,Online Banking,1278,,755
8,161.56,Electronics,17,Online Banking,1017,1030.0,809
886,464.83,Books,7,Mobile App,1253,1188.0,688
142,395.87,Clothing,18,Mobile App,1081,1223.0,804
703,26.19,Books,15,Mobile App,1202,1126.0,662
989,469.8,Furniture,29,Website,1269,1006.0,714
527,194.57,Electronics,44,Online Banking,930,,559
817,66.3,Groceries,30,Website,1144,,570
57,86.35,Books,44,Online Banking,1111,945.0,720
785,288.14,Furniture,33,Online Banking,1073,1203.0,640
507,159.68,Electronics,25,Online Banking,1065,1025.0,633
528,24.4,Clothing,27,Online Banking,963,940.0,785
732,87.28,Clothing,35,Mobile App,1034,1268.0,571
717,449.74,Electronics,34,Website,1164,967.0,798
413,491.3,Books,33,Website,1271,1034.0,846
3,241.06,Books,3,Website,1005,1050.0,602
496,112.71,Groceries,1,Website,1144,1259.0,558
119,215.99,Groceries,18,Mobile App,982,1267.0,833
443,265.29,Groceries,28,Website,1137,,762
735,431.62,Groceries,28,Website,1194,1103.0,643
175,179.18,Books,4,Website,1236,1262.0,590
31,313.38,Books,23,Online Banking,1020,1157.0,692
362,116.38,Furniture,5,Mobile App,1216,1201.0,695
974,203.22,Groceries,46,Mobile App,958,,666
737,161.59,Groceries,16,Mobile App,1138,1038.0,788
243,447.53,Books,18,Website,1081,934.0,578
115,150.08,Books,14,Mobile App,1045,,657
254,274.4,Furniture,1,Mobile App,1276,1077.0,684
649,198.57,Electronics,26,Website,971,1026.0,739
134,93.12,Groceries,27,Mobile App,923,1170.0,916
114,288.3,Clothing,24,Website,1071,,707
406,272.39,Electronics,15,Website,1058,1067.0,558
667,352.72,Groceries,8,Online Banking,1212,1219.0,629
979,363.81,Books,6,Website,1072,1081.0,783
420,314.81,Groceries,37,Website,1224,1226.0,915
726,108.67,Books,30,Online Banking,1265,983.0,680
358,423.05,Furniture,24,Mobile App,932,994.0,904
525,78.73,Furniture,41,Website,1272,958.0,580
423,224.66,Electronics,4,Mobile App,953,,827
868,375.38,Furniture,12,Website,1265,,718
107,481.43,Furniture,7,Online Banking,1010,,894
671,62.72,Clothing,45,Online Banking,1230,991.0,862
626,116.08,Electronics,16,Website,952,,863
377,318.89,Electronics,10,Online Banking,1150,1139.0,790
41,33.36,Clothing,38,Mobile App,1240,1229.0,736
532,465.2,Books,38,Website,1121,1073.0,626
723,453.19,Clothing,13,Website,1086,1121.0,768
784,311.59,Books,13,Online Banking,1006,1168.0,700
376,245.32,Electronics,31,Website,1098,1130.0,862
475,248.4,Electronics,35,Mobile App,1043,1106.0,793
994,336.21,Groceries,25,Mobile App,936,1152.0,717
981,285.43,Clothing,41,Website,1228,,655
551,196.6,Furniture,45,Mobile App,1109,1105.0,918
196,103.62,Electronics,39,Website,1249,1169.0,899
865,171.04,Clothing,47,Mobile App,1044,992.0,760
123,442.76,Electronics,23,Mobile App,936,1057.0,847
585,432.45,Clothing,41,Online Banking,990,1173.0,823
555,293.7,Electronics,3,Website,999,,608
228,447.99,Books,32,Website,1114,1070.0,632
5,155.76,Electronics,41,Website,992,,621
43,396.79,Books,25,Mobile App,1227,1195.0,776
106,244.22,Clothing,49,Mobile App,1250,1163.0,720
782,297.84,Electronics,11,Mobile App,1242,1091.0,671
155,388.8,Groceries,18,Website,1128,958.0,823
663,123.83,Electronics,3,Mobile App,1106,1232.0,819
602,83.22,Furniture,37,Mobile App,1137,,788
374,251.54,Books,47,Online Banking,1101,,562
778,350.37,Books,6,Online Banking,1186,1019.0,716
999,260.06,Groceries,23,Website,945,,913
636,283.02,Electronics,7,Online Banking,1145,1079.0,651
233,69.76,Books,33,Website,1239,1023.0,660
166,488.7,Furniture,48,Online Banking,962,970.0,706
761,268.73,Books,45,Online Banking,1184,1152.0,914
292,469.78,Furniture,37,Website,1253,1252.0,581
876,89.27,Furniture,4,Online Banking,940,1005.0,658
669,159.36,Furniture,19,Website,1010,932.0,611
928,273.87,Clothing,40,Website,1259,947.0,780
469,8.68,Electronics,4,Mobile App,1018,1104.0,624
4,44.22,Clothing,2,Website,925,964.0,684
105,43.61,Furniture,30,Website,932,1127.0,563
19,477.83,Furniture,39,Online Banking,1157,954.0,854
641,146.99,Books,7,Online Banking,955,1227.0,755
515,438.6,Clothing,19,Online Banking,949,,915
74,58.9,Books,44,Mobile App,1155,1225.0,871
147,78.65,Clothing,34,Mobile App,1140,963.0,676
316,120.75,Books,18,Mobile App,1211,,893
697,165.83,Books,12,Online Banking,1029,,729
62,272.02,Clothing,16,Mobile App,1043,925.0,682
988,39.42,Electronics,31,Website,1177,1184.0,876
868,139.2,Clothing,12,Website,1194,,718
254,490.17,Electronics,1,Mobile App,943,1093.0,684
272,24.07,Clothing,26,Online Banking,1148,1044.0,724
863,17.7,Clothing,26,Online Banking,1061,1176.0,634
641,229.36,Furniture,7,Online Banking,1203,1223.0,755
548,384.59,Clothing,24,Website,1099,,588
761,339.09,Groceries,45,Online Banking,1005,1152.0,914
767,331.71,Electronics,5,Mobile App,1256,,699
393,289.57,Books,43,Website,1262,1262.0,583
15,160.79,Books,44,Online Banking,1181,1251.0,755
787,5.76,Books,14,Website,1002,986.0,791
245,170.28,Groceries,21,Online Banking,1133,,783
16,250.51,Furniture,41,Online Banking,960,1105.0,847
728,173.97,Groceries,37,Website,978,1004.0,796
85,105.33,Groceries,37,Mobile App,1056,,701
982,273.8,Furniture,4,Mobile App,1026,1017.0,750
863,250.54,Groceries,26,Online Banking,1284,1176.0,634
987,415.19,Clothing,14,Mobile App,930,,762
406,417.07,Furniture,15,Website,1055,1018.0,558
712,164.49,Furniture,37,Mobile App,1217,1249.0,587
799,107.42,Groceries,46,Mobile App,1107,1256.0,918
543,353.75,Groceries,16,Online Banking,943,1249.0,684
761,44.23,Books,45,Online Banking,1179,1152.0,914
919,8.16,Furniture,29,Website,1080,,573
517,71.46,Electronics,11,Online Banking,1128,,910
505,324.29,Clothing,22,Mobile App,1074,1208.0,747
600,390.43,Books,38,Online Banking,1078,1161.0,595
905,285.54,Books,7,Online Banking,1249,1118.0,590
750,63.34,Furniture,7,Website,959,1076.0,688
758,63.8,Clothing,18,Online Banking,1059,1104.0,702
691,330.11,Books,7,Mobile App,1234,,910
240,458.39,Groceries,30,Online Banking,1281,1203.0,713
969,460.77,Groceries,20,Online Banking,984,970.0,806
210,345.58,Furniture,29,Online Banking,1041,,716
557,382.14,Groceries,27,Online Banking,938,929.0,585
141,472.91,Clothing,41,Online Banking,1167,1257.0,742
583,183.97,Furniture,40,Online Banking,1035,,875
660,448.55,Furniture,8,Mobile App,994,1172.0,696
745,53.15,Electronics,48,Website,1019,,760
16,147.82,Furniture,41,Online Banking,1042,1105.0,847
656,147.64,Groceries,35,Mobile App,1054,,730
997,334.21,Furniture,5,Mobile App,988,,830
893,203.71,Electronics,38,Mobile App,1208,1114.0,634
607,460.8,Books,8,Mobile App,1255,966.0,905
172,435.24,Groceries,25,Website,1026,1260.0,575
14,213.22,Groceries,26,Online Banking,1234,1076.0,911
91,179.38,Books,43,Mobile App,1080,1142.0,887
181,444.52,Clothing,30,Mobile App,958,,809
168,210.19,Electronics,32,Website,1168,1172.0,680
734,22.45,Furniture,11,Mobile App,1231,1215.0,674
587,231.03,Furniture,10,Website,967,934.0,830
643,19.96,Furniture,27,Online Banking,945,,661
93,124.99,Books,42,Mobile App,964,1189.0,632
19,125.66,Furniture,39,Online Banking,930,954.0,854
413,232.07,Groceries,33,Website,1201,1170.0,846
814,79.07,Books,3,Online Banking,1024,1039.0,779
166,25.9,Furniture,48,Online Banking,1223,970.0,706
134,213.92,Clothing,27,Mobile App,1124,1170.0,916
384,188.2,Furniture,33,Website,1235,965.0,561
291,288.47,Books,15,Website,1028,1079.0,652
155,38.65,Groceries,18,Website,1002,1026.0,823
406,213.26,Groceries,15,Website,1042,1018.0,558
211,343.11,Furniture,35,Online Banking,1009,,859
618,142.62,Furniture,16,Mobile App,963,1152.0,597
660,469.91,Furniture,8,Mobile App,1006,1049.0,696
908,291.53,Electronics,3,Website,1241,1115.0,581
914,107.55,Electronics,43,Website,1057,1225.0,709
76,54.93,Books,5,Website,1149,981.0,792
695,102.69,Furniture,24,Mobile App,1060,1262.0,881
980,414.75,Groceries,28,Online Banking,1159,1036.0,797
325,376.71,Furniture,41,Online Banking,959,959.0,648
717,356.3,Electronics,34,Website,1073,1245.0,798
300,229.15,Furniture,32,Website,1201,1282.0,633
131,344.06,Books,11,Website,1148,949.0,654
122,318.36,Clothing,17,Mobile App,1162,1195.0,756
588,125.31,Electronics,5,Mobile App,1002,1124.0,596
612,390.91,Groceries,41,Online Banking,1256,1214.0,570
23,414.86,Books,19,Mobile App,1244,1232.0,733
96,161.84,Electronics,36,Mobile App,1050,1235.0,863
875,137.18,Clothing,9,Website,999,,585
292,163.11,Furniture,37,Website,971,1169.0,581
828,428.95,Furniture,32,Online Banking,1013,1078.0,636
761,14.01,Groceries,45,Online Banking,1160,1152.0,914
409,227.86,Electronics,35,Mobile App,989,985.0,901
310,217.86,Clothing,5,Online Banking,1112,,735
243,160.29,Clothing,18,Website,965,934.0,578
897,5.76,Clothing,10,Mobile App,1020,935.0,688
508,228.62,Books,33,Online Banking,1225,,627
669,378.25,Books,19,Website,995,1248.0,611
683,435.35,Clothing,26,Online Banking,1250,1235.0,690
594,308.88,Electronics,30,Mobile App,1276,927.0,761
160,271.46,Furniture,43,Online Banking,1192,1086.0,799
807,119.98,Furniture,13,Mobile App,1057,,862
277,335.68,Clothing,33,Mobile App,1051,,734
450,415.86,Groceries,8,Website,987,,670
466,410.26,Clothing,28,Online Banking,986,,745
196,109.14,Furniture,39,Website,973,1260.0,899
351,460.95,Books,1,Mobile App,1055,1234.0,717
640,363.61,Books,45,Website,1029,1044.0,593
750,391.54,Furniture,7,Website,1054,1140.0,688
507,42.85,Furniture,25,Online Banking,1002,956.0,633
419,110.37,Clothing,37,Online Banking,984,,883
812,274.25,Groceries,39,Mobile App,1057,1092.0,853
915,326.32,Books,31,Online Banking,937,,748
834,300.0,Books,45,Mobile App,1244,1175.0,596
574,276.62,Groceries,17,Mobile App,1112,1013.0,830
37,288.97,Clothing,3,Online Banking,1197,1207.0,681
788,329.52,Books,39,Online Banking,1155,,689
455,422.07,Furniture,40,Website,934,1179.0,564
324,429.99,Groceries,4,Mobile App,1104,1050.0,867
905,143.67,Furniture,7,Online Banking,1242,1118.0,590
153,385.58,Groceries,42,Online Banking,1003,1070.0,895
830,14.13,Groceries,40,Website,1033,,723
276,337.18,Groceries,26,Online Banking,1033,,768
2,397.37,Clothing,5,Website,1081,1210.0,582
688,109.16,Furniture,6,Website,963,951.0,643
227,11.28,Clothing,15,Online Banking,1096,,609
914,468.49,Groceries,43,Website,1080,1225.0,709
668,336.53,Clothing,32,Website,1280,937.0,767
951,28.63,Furniture,39,Online Banking,1278,1114.0,609
599,173.25,Electronics,3,Website,1145,1139.0,571
245,382.68,Books,21,Online Banking,1117,,783
814,107.96,Electronics,3,Online Banking,1097,1043.0,779
783,128.19,Electronics,15,Website,1097,,699
138,498.24,Clothing,34,Online Banking,1049,1227.0,842
81,142.09,Furniture,40,Website,1234,,584
772,401.4,Groceries,21,Online Banking,984,933.0,801
842,320.05,Groceries,12,Mobile App,985,1069.0,833
112,338.38,Books,35,Website,927,1218.0,632
97,398.53,Furniture,38,Website,1032,1063.0,567
403,152.27,Furniture,8,Online Banking,1005,1029.0,679
897,268.55,Groceries,10,Mobile App,1260,1008.0,688
391,477.82,Books,30,Mobile App,976,,719
342,230.91,Furniture,26,Online Banking,958,941.0,646
418,489.19,Electronics,23,Online Banking,1009,1006.0,658
591,215.12,Electronics,20,Online Banking,1126,1065.0,808
986,158.02,Furniture,49,Online Banking,1248,1139.0,609
906,12.21,Books,38,Website,1095,,828
360,137.03,Furniture,14,Online Banking,1203,1163.0,836
599,173.25,Electronics,3,Website,1145,974.0,571
174,457.32,Books,36,Mobile App,1178,1197.0,853
29,438.71,Books,34,Website,1061,1030.0,676
271,357.78,Electronics,28,Online Banking,927,,620
176,463.56,Furniture,15,Website,968,,655
317,154.28,Furniture,20,Website,1230,1145.0,768
199,114.54,Books,6,Website,961,1195.0,913
756,469.98,Furniture,25,Mobile App,1264,,700
366,413.51,Groceries,46,Website,1193,,905
935,211.08,Books,33,Website,1198,1204.0,620
808,39.63,Clothing,20,Online Banking,1272,991.0,691
960,11.43,Books,41,Online Banking,1067,1117.0,880
209,442.61,Groceries,12,Mobile App,1012,,636
235,475.22,Electronics,15,Mobile App,1199,1231.0,559
755,7.34,Books,45,Website,1113,,871
511,7.23,Furniture,19,Online Banking,1257,1280.0,878
138,402.2,Furniture,34,Online Banking,1266,1227.0,842
210,183.6,Electronics,29,Online Banking,1150,,716
721,218.89,Furniture,18,Website,1187,,803
551,433.34,Groceries,45,Mobile App,1158,1105.0,918
887,217.96,Clothing,3,Website,1208,1162.0,851
150,19.9,Clothing,38,Mobile App,1010,,741
480,155.09,Electronics,6,Website,1072,1276.0,761
737,120.66,Clothing,16,Mobile App,1173,1199.0,788
489,244.19,Clothing,12,Online Banking,1095,,594
609,110.77,Furniture,32,Website,1080,1074.0,566
344,47.56,Groceries,8,Mobile App,980,1188.0,743
570,496.44,Clothing,21,Mobile App,1110,983.0,705
343,406.87,Clothing,26,Online Banking,1112,1010.0,714
147,128.42,Furniture,34,Mobile App,1024,1114.0,676
280,326.61,Electronics,42,Online Banking,1138,1124.0,598
851,278.53,Electronics,39,Online Banking,937,973.0,892
826,55.47,Electronics,14,Mobile App,1104,1142.0,722
944,420.44,Groceries,30,Website,1094,1017.0,766
882,26.09,Clothing,45,Website,1085,,668
389,168.28,Furniture,23,Online Banking,1044,,827
694,416.41,Groceries,4,Online Banking,1112,,909
752,162.36,Groceries,27,Website,1214,923.0,580
565,487.01,Furniture,30,Website,1241,984.0,809
246,89.8,Clothing,40,Mobile App,1111,1013.0,838
401,105.24,Electronics,28,Website,991,980.0,687
405,204.37,Furniture,5,Online Banking,1275,,865
936,491.72,Clothing,29,Mobile App,1162,,712
988,385.45,Furniture,31,Website,1108,1184.0,876
360,156.9,Groceries,14,Online Banking,1025,1163.0,836
563,328.32,Clothing,29,Mobile App,1142,,758
627,412.85,Furniture,49,Website,1244,1094.0,601
878,177.75,Furniture,47,Website,1276,,704
786,182.47,Furniture,46,Mobile App,1234,1070.0,668
990,483.5,Clothing,49,Mobile App,1100,1026.0,763
895,423.64,Electronics,12,Mobile App,1012,,652
966,198.29,Groceries,4,Mobile App,973,,785
58,356.52,Electronics,9,Online Banking,987,1088.0,814
593,229.29,Groceries,9,Online Banking,1175,1028.0,917
643,441.63,Clothing,27,Online Banking,1261,,661
16,147.82,Furniture,41,Online Banking,1042,1035.0,847
455,422.07,Furniture,40,Website,934,1075.0,564
866,117.43,Groceries,49,Website,1088,,561
230,421.5,Clothing,9,Online Banking,956,1244.0,674
613,259.06,Groceries,32,Online Banking,956,,683
902,280.48,Electronics,39,Online Banking,1046,1028.0,661
535,253.91,Furniture,17,Mobile App,968,,744
484,478.79,Groceries,43,Mobile App,966,,818
433,195.55,Electronics,14,Mobile App,1005,,584
877,381.87,Electronics,36,Website,1186,,770
678,202.88,Groceries,47,Online Banking,1160,1004.0,809
449,134.56,Groceries,34,Mobile App,1120,1145.0,790
758,401.82,Groceries,18,Online Banking,1139,1104.0,702
387,47.52,Clothing,39,Website,926,992.0,618
847,432.78,Groceries,28,Online Banking,1057,1088.0,595
157,157.24,Furniture,27,Mobile App,1198,,757
956,334.98,Clothing,38,Online Banking,1194,,628
292,171.84,Groceries,37,Website,1171,1252.0,581
547,402.88,Books,29,Website,1048,,899
272,7.72,Books,26,Online Banking,1269,934.0,724
217,298.23,Electronics,1,Online Banking,957,1193.0,695
735,44.21,Clothing,28,Website,1237,1060.0,643
344,163.28,Groceries,8,Mobile App,1167,1188.0,743
751,64.64,Furniture,34,Website,1017,924.0,685
391,174.14,Clothing,30,Mobile App,1160,,719
132,24.17,Furniture,36,Website,1025,,755
159,25.75,Electronics,18,Website,1197,1194.0,790
633,72.47,Electronics,37,Online Banking,1263,1083.0,613
437,279.26,Electronics,13,Website,1203,,658
70,363.4,Clothing,10,Mobile App,1045,,847
569,86.54,Electronics,38,Online Banking,1075,992.0,595
805,139.51,Electronics,24,Website,999,1126.0,904
743,344.42,Groceries,14,Online Banking,1055,1219.0,712
551,240.98,Books,45,Mobile App,1046,1105.0,918
269,335.38,Electronics,1,Mobile App,1140,1277.0,754
660,347.79,Electronics,8,Mobile App,1042,1049.0,696
659,454.77,Furniture,10,Website,952,1058.0,653
847,293.62,Electronics,28,Online Banking,1126,1245.0,595
602,106.09,Books,37,Mobile App,1046,,788
170,20.97,Groceries,21,Website,1220,1281.0,636
687,374.93,Furniture,20,Online Banking,1046,1270.0,593
211,6.09,Clothing,35,Online Banking,985,,859
366,136.67,Books,46,Website,966,,905
99,147.43,Electronics,14,Online Banking,1005,,880
518,85.19,Electronics,8,Mobile App,1199,1166.0,653
855,313.01,Electronics,37,Online Banking,1233,939.0,653
532,478.9,Electronics,38,Website,1024,1265.0,626
376,354.99,Clothing,31,Website,1258,1130.0,862
298,27.15,Groceries,29,Website,1121,975.0,686
550,24.61,Electronics,39,Online Banking,1134,930.0,557
67,285.49,Clothing,17,Online Banking,1055,1145.0,717
933,74.06,Furniture,21,Website,1043,1204.0,802
123,442.76,Electronics,23,Mobile App,936,971.0,847
197,315.8,Furniture,39,Online Banking,944,1212.0,846
423,80.89,Clothing,4,Mobile App,1141,,827
191,317.56,Clothing,2,Website,1259,1268.0,875
894,493.07,Books,37,Mobile App,1185,1110.0,688
241,444.16,Clothing,1,Mobile App,1080,1137.0,568
497,135.77,Groceries,40,Mobile App,1061,1189.0,679
623,315.05,Books,41,Online Banking,1011,975.0,819
425,423.25,Electronics,33,Website,1193,1210.0,614
988,435.96,Groceries,31,Website,1080,1233.0,876
627,288.34,Clothing,49,Website,1217,1094.0,601
392,144.57,Electronics,33,Mobile App,1129,1111.0,675
985,427.28,Books,9,Website,930,1155.0,858
254,274.4,Furniture,1,Mobile App,1276,1093.0,684
790,73.32,Groceries,10,Website,1132,1063.0,803
520,432.33,Furniture,9,Mobile App,1087,1046.0,724
772,49.08,Furniture,21,Online Banking,1133,933.0,801
420,11.01,Furniture,37,Website,1238,1067.0,915
504,212.09,Groceries,48,Mobile App,1246,1129.0,613
14,468.35,Furniture,26,Online Banking,1269,1076.0,911
309,396.22,Books,27,Online Banking,1159,924.0,815
365,77.59,Furniture,24,Online Banking,1038,1115.0,619
831,212.27,Clothing,4,Mobile App,1114,1107.0,675
749,254.96,Books,44,Online Banking,1012,1239.0,864
871,413.92,Clothing,38,Online Banking,1027,1206.0,662
883,19.26,Furniture,4,Website,1178,1163.0,633
306,178.11,Books,17,Mobile App,961,,798
67,84.61,Clothing,17,Online Banking,1250,1145.0,717
520,473.21,Furniture,9,Mobile App,1140,1130.0,724
865,441.07,Clothing,47,Mobile App,1206,992.0,760
940,256.66,Books,27,Mobile App,976,1229.0,827
311,61.53,Furniture,46,Mobile App,1065,1128.0,733
499,335.67,Books,2,Mobile App,1004,1279.0,587
612,201.9,Clothing,41,Online Banking,1189,1061.0,570
248,113.73,Furniture,30,Online Banking,965,1109.0,683
994,236.58,Clothing,25,Mobile App,1272,1152.0,717
200,478.77,Furniture,8,Online Banking,1267,966.0,880
923,197.32,Clothing,43,Website,1284,942.0,880
532,422.92,Clothing,38,Website,1062,1265.0,626
660,332.62,Groceries,8,Mobile App,1273,1172.0,696
995,101.21,Clothing,34,Website,990,1164.0,709
887,217.96,Clothing,3,Website,1208,1259.0,851
522,47.53,Furniture,28,Website,1235,1032.0,663
614,313.17,Clothing,24,Mobile App,1113,967.0,837
345,447.26,Clothing,29,Online Banking,1119,1070.0,670
903,20.39,Books,48,Mobile App,1185,1072.0,748
745,79.47,Furniture,48,Website,1167,,760
570,249.65,Furniture,21,Mobile App,1199,1050.0,705
872,374.04,Groceries,16,Website,1267,,801
191,326.09,Electronics,2,Website,1253,1268.0,875
162,82.91,Furniture,6,Mobile App,1115,1071.0,759
198,48.52,Books,45,Online Banking,959,,749
260,73.27,Clothing,32,Website,1097,926.0,685
522,496.06,Groceries,28,Website,1129,1040.0,663
402,246.81,Books,43,Mobile App,1226,1277.0,698
522,430.53,Clothing,28,Website,973,1032.0,663
150,174.35,Clothing,38,Mobile App,1069,,741
483,57.42,Electronics,34,Mobile App,1091,975.0,839
369,399.5,Furniture,35,Website,1214,926.0,883
38,431.43,Books,47,Online Banking,970,1202.0,590
813,379.31,Furniture,49,Website,1153,,579
804,176.28,Furniture,37,Website,1191,997.0,568
254,231.85,Books,1,Mobile App,1265,1077.0,684
825,58.5,Furniture,21,Website,962,,606
641,193.48,Furniture,7,Online Banking,1235,1227.0,755
152,336.59,Furniture,48,Mobile App,1088,,648
161,399.28,Electronics,4,Mobile App,1102,1109.0,716
576,393.11,Books,4,Website,1106,1130.0,566
626,285.08,Books,16,Website,949,,863
898,399.63,Furniture,47,Online Banking,1138,1049.0,912
608,399.72,Clothing,2,Mobile App,1089,1038.0,907
562,367.5,Furniture,26,Online Banking,1172,,788
485,217.33,Books,28,Mobile App,1041,968.0,663
176,74.53,Groceries,15,Website,1148,,655
964,205.37,Electronics,9,Online Banking,1078,981.0,849
834,486.18,Furniture,45,Mobile App,934,1175.0,596
557,314.72,Furniture,27,Online Banking,1273,1153.0,585
333,334.65,Electronics,11,Website,973,1024.0,574
16,154.7,Books,41,Online Banking,968,1035.0,847
346,142.96,Electronics,17,Online Banking,1118,1278.0,914
369,116.3,Books,35,Website,1181,926.0,883
714,222.88,Clothing,8,Mobile App,1160,,670
901,181.58,Groceries,12,Website,1215,,907
117,212.02,Clothing,44,Online Banking,1180,,562
352,349.53,Books,26,Website,981,1137.0,676
338,13.86,Groceries,41,Mobile App,952,,583
814,309.76,Clothing,3,Online Banking,1153,1039.0,779
776,459.53,Books,31,Mobile App,1178,1044.0,703
632,386.65,Clothing,41,Online Banking,1113,1248.0,589
559,490.24,Books,43,Website,1199,1267.0,694
978,125.93,Electronics,26,Mobile App,1152,1003.0,664
90,137.12,Books,47,Online Banking,922,1039.0,771
397,75.32,Clothing,10,Online Banking,1104,,791
532,164.8,Electronics,38,Website,1256,1265.0,626
40,100.36,Electronics,20,Website,1132,959.0,634
17,121.62,Furniture,8,Online Banking,958,1160.0,675
356,428.63,Groceries,28,Mobile App,938,,725
655,392.59,Clothing,26,Mobile App,1067,936.0,890
103,88.35,Books,46,Mobile App,1142,927.0,804
634,216.18,Books,23,Mobile App,1229,1125.0,810
484,52.17,Clothing,43,Mobile App,1049,,818
639,138.71,Electronics,29,Website,1120,1019.0,832
425,191.04,Groceries,33,Website,1128,1210.0,614
207,79.46,Groceries,43,Website,1030,,834
905,141.8,Clothing,7,Online Banking,1102,1118.0,590
876,222.38,Furniture,4,Online Banking,1177,1005.0,658
984,41.07,Clothing,44,Website,965,1207.0,800
203,25.51,Furniture,21,Website,1158,1046.0,815
658,217.89,Electronics,13,Mobile App,1142,1248.0,745
977,432.77,Furniture,20,Online Banking,1158,1191.0,882
24,485.5,Groceries,12,Mobile App,1244,980.0,644
678,287.35,Groceries,47,Online Banking,1042,1004.0,809
674,86.53,Electronics,44,Online Banking,1043,1207.0,898
700,498.56,Clothing,38,Online Banking,1146,1224.0,569
457,323.17,Furniture,44,Website,1157,1207.0,756
300,229.15,Furniture,32,Website,1201,979.0,633
321,279.62,Electronics,32,Online Banking,1257,955.0,618
132,376.94,Groceries,36,Website,994,,755
134,159.17,Groceries,27,Mobile App,1182,1170.0,916
641,49.3,Electronics,7,Online Banking,1219,1223.0,755
582,290.97,Books,20,Online Banking,1076,,630
497,451.67,Furniture,40,Mobile App,938,1138.0,679
68,228.66,Clothing,5,Website,1154,1129.0,715
548,26.64,Groceries,24,Website,1059,,588
482,288.09,Clothing,35,Website,1127,1213.0,896
482,77.88,Clothing,35,Website,1007,1213.0,896
147,346.68,Groceries,34,Mobile App,955,963.0,676
988,69.19,Groceries,31,Website,1192,1233.0,876
953,452.34,Electronics,43,Website,1141,1223.0,627
120,364.93,Books,2,Online Banking,1127,975.0,867
735,195.7,Furniture,28,Website,1123,1103.0,643
474,55.04,Groceries,47,Online Banking,1130,1120.0,847
425,113.06,Books,33,Website,1194,1210.0,614
538,239.97,Furniture,6,Online Banking,1136,1248.0,757
505,392.04,Books,22,Mobile App,1049,1152.0,747
776,297.39,Furniture,31,Mobile App,1102,1234.0,703
350,284.36,Books,25,Online Banking,1038,1126.0,808
440,33.75,Furniture,34,Online Banking,1237,1160.0,871
104,403.16,Clothing,3,Online Banking,1122,1174.0,839
386,147.96,Clothing,26,Website,1247,1197.0,625
72,114.94,Groceries,25,Online Banking,1249,1278.0,806
786,492.41,Electronics,46,Mobile App,1215,1277.0,668
537,181.71,Books,9,Online Banking,1133,,774
229,202.57,Clothing,37,Website,1231,1062.0,564
770,97.61,Clothing,36,Website,1276,996.0,891
832,184.58,Books,21,Website,1006,,687
472,262.13,Clothing,6,Mobile App,1014,,557
788,29.93,Clothing,39,Online Banking,1080,,689
354,16.41,Books,49,Online Banking,1267,1078.0,727
768,80.31,Furniture,40,Mobile App,1057,,687
753,99.89,Groceries,23,Online Banking,1077,1049.0,744
538,411.91,Groceries,6,Online Banking,1085,1248.0,757
466,133.62,Furniture,28,Online Banking,1147,,745
562,269.33,Groceries,26,Online Banking,1213,,788
822,200.97,Furniture,24,Mobile App,1185,1129.0,892
884,12.26,Clothing,8,Online Banking,1232,1103.0,643
635,398.78,Clothing,26,Online Banking,1237,1210.0,577
105,242.17,Clothing,30,Website,1013,1127.0,563
244,115.21,Furniture,15,Online Banking,1199,1212.0,749
224,97.68,Groceries,5,Website,1216,,785
376,73.91,Groceries,31,Website,959,1130.0,862
8,240.92,Books,17,Online Banking,1099,1167.0,809
486,188.27,Furniture,5,Online Banking,1192,1243.0,691
163,313.26,Books,22,Mobile App,945,1223.0,908
383,39.47,Clothing,7,Online Banking,1006,1273.0,688
422,112.95,Furniture,14,Mobile App,930,1249.0,644
352,97.49,Electronics,26,Website,1199,1137.0,676
508,351.09,Books,33,Online Banking,1283,,627
408,94.2,Clothing,22,Online Banking,1181,1018.0,634
921,386.22,Groceries,36,Online Banking,1127,1085.0,612
76,287.15,Clothing,5,Website,997,964.0,792
199,290.31,Electronics,6,Website,1117,1195.0,913
505,392.04,Books,22,Mobile App,1049,1208.0,747
388,46.92,Clothing,5,Online Banking,1136,,688
754,254.31,Groceries,46,Website,987,,613
185,7.21,Electronics,4,Online Banking,1030,1182.0,625
788,64.33,Books,39,Online Banking,1042,,689
770,369.57,Furniture,36,Website,1116,1284.0,891
420,423.99,Books,37,Website,1274,1067.0,915
235,15.54,Electronics,15,Mobile App,1015,1094.0,559
259,367.84,Clothing,39,Online Banking,1141,1129.0,846
271,203.01,Books,28,Online Banking,1179,,620
539,95.75,Books,13,Mobile App,1160,1072.0,656
31,184.39,Clothing,23,Online Banking,1168,1157.0,692
529,371.17,Groceries,26,Online Banking,979,1273.0,783
633,244.17,Groceries,37,Online Banking,1218,1200.0,613
268,298.18,Electronics,26,Mobile App,1215,,568
436,165.23,Books,47,Website,1089,1132.0,660
403,164.97,Books,8,Online Banking,975,1094.0,679
161,367.1,Electronics,4,Mobile App,1072,1109.0,716
487,49.9,Furniture,34,Mobile App,1088,974.0,637
951,242.28,Electronics,39,Online Banking,1206,1114.0,609
655,161.63,Groceries,26,Mobile App,1101,1124.0,890
507,42.85,Furniture,25,Online Banking,1002,1025.0,633
340,337.59,Books,48,Mobile App,1193,1245.0,657
163,313.26,Books,22,Mobile App,945,998.0,908
238,216.64,Books,22,Mobile App,1148,1098.0,658
597,26.51,Groceries,9,Website,1283,1084.0,631
16,52.67,Books,41,Online Banking,957,1035.0,847
507,467.57,Furniture,25,Online Banking,1159,1025.0,633
916,276.52,Electronics,44,Mobile App,952,,678
603,441.51,Electronics,30,Mobile App,940,,754
135,69.09,Electronics,18,Mobile App,1231,,751
65,195.94,Electronics,27,Mobile App,1007,,653
524,193.12,Furniture,49,Online Banking,971,1065.0,618
768,263.88,Clothing,40,Mobile App,1233,,687
291,254.65,Furniture,15,Website,1115,1056.0,652
694,80.74,Books,4,Online Banking,1225,,909
623,25.0,Books,41,Online Banking,1140,975.0,819
984,388.45,Electronics,44,Website,1158,1207.0,800
175,350.04,Electronics,4,Website,1226,1207.0,590
673,144.73,Furniture,13,Mobile App,1216,1210.0,738
955,118.98,Furniture,26,Website,987,929.0,579
70,492.36,Books,10,Mobile App,947,,847
735,431.62,Groceries,28,Website,1194,1060.0,643
218,104.15,Electronics,40,Mobile App,1284,,758
192,452.48,Electronics,12,Website,1177,1192.0,733
970,426.54,Clothing,19,Website,1112,1212.0,840
804,461.38,Clothing,37,Website,1019,997.0,568
490,440.97,Clothing,40,Online Banking,1178,1235.0,862
481,360.79,Furniture,32,Website,1074,1175.0,721
329,377.79,Books,37,Online Banking,1135,1112.0,696
518,85.19,Electronics,8,Mobile App,1199,1173.0,653
243,438.95,Groceries,18,Website,996,934.0,578
4,382.39,Furniture,2,Website,1144,1102.0,684
22,89.96,Furniture,42,Mobile App,1136,1068.0,795
95,123.78,Furniture,12,Online Banking,1246,1075.0,750
604,15.8,Groceries,31,Website,1065,1079.0,795
503,335.28,Electronics,25,Website,1215,,580
900,218.87,Books,2,Online Banking,1166,1015.0,839
255,381.38,Furniture,43,Mobile App,1240,1180.0,753
927,493.07,Groceries,12,Mobile App,1182,,764
806,54.87,Electronics,42,Online Banking,1043,1107.0,689
590,80.94,Furniture,21,Mobile App,1155,,634
741,459.56,Books,30,Website,1176,1124.0,748
551,303.65,Clothing,45,Mobile App,1219,1105.0,918
201,119.38,Groceries,27,Online Banking,1211,1053.0,695
594,191.59,Electronics,30,Mobile App,1024,927.0,761
347,80.33,Furniture,33,Mobile App,1230,962.0,720
452,288.09,Groceries,25,Online Banking,1195,1117.0,630
382,354.71,Furniture,14,Mobile App,1247,965.0,861
589,369.13,Clothing,11,Mobile App,1105,963.0,811
284,435.09,Electronics,6,Mobile App,1245,,786
395,271.61,Clothing,22,Online Banking,1054,1045.0,718
951,462.43,Furniture,39,Online Banking,1189,1114.0,609
208,102.2,Clothing,24,Online Banking,1214,,767
182,168.89,Books,32,Online Banking,1019,1044.0,758
891,457.88,Clothing,46,Website,1198,1137.0,847
402,246.81,Books,43,Mobile App,1226,1182.0,698
846,331.94,Clothing,41,Mobile App,1248,,659
445,155.11,Furniture,30,Online Banking,986,1078.0,774
316,42.62,Furniture,18,Mobile App,1155,,893
301,296.43,Books,34,Online Banking,1009,1013.0,646
258,44.22,Groceries,19,Mobile App,1239,974.0,753
457,280.21,Books,44,Website,1157,1067.0,756
197,255.56,Electronics,39,Online Banking,1245,1090.0,846
692,443.65,Books,29,Website,1051,,746
842,417.04,Clothing,12,Mobile App,1114,1069.0,833
370,204.58,Books,47,Online Banking,1257,1056.0,748
592,453.92,Furniture,44,Mobile App,1052,,887
786,182.47,Furniture,46,Mobile App,1234,1277.0,668
172,422.53,Electronics,25,Website,1082,1260.0,575
400,268.9,Groceries,39,Online Banking,1023,,843
951,100.6,Electronics,39,Online Banking,990,1147.0,609
58,305.23,Groceries,9,Online Banking,1190,1265.0,814
132,309.14,Groceries,36,Website,1195,,755
763,113.4,Furniture,14,Mobile App,1040,938.0,803
740,17.89,Electronics,48,Online Banking,1228,1102.0,774
306,240.22,Books,17,Mobile App,946,,798
117,236.46,Electronics,44,Online Banking,925,,562
601,184.28,Clothing,25,Website,969,1188.0,667
519,133.96,Books,18,Mobile App,1025,1095.0,761
748,200.79,Furniture,20,Mobile App,1212,,884
900,120.51,Clothing,2,Online Banking,987,1015.0,839
498,438.01,Furniture,5,Website,1264,,742
230,421.5,Clothing,9,Online Banking,956,1034.0,674
625,258.53,Furniture,3,Mobile App,935,,706
83,42.55,Groceries,25,Mobile App,1253,1174.0,556
501,13.43,Furniture,25,Online Banking,1193,,816
374,251.45,Groceries,47,Online Banking,1161,,562
514,140.03,Clothing,1,Mobile App,985,,717
245,453.87,Clothing,21,Online Banking,1272,,783
989,125.88,Electronics,29,Website,1025,1006.0,714
383,290.04,Clothing,7,Online Banking,1137,1169.0,688
780,336.49,Clothing,39,Mobile App,1108,1032.0,629
34,383.48,Clothing,44,Online Banking,971,1147.0,828
792,297.18,Electronics,30,Online Banking,1098,932.0,703
202,336.18,Electronics,12,Mobile App,1121,1086.0,855
982,183.17,Electronics,4,Mobile App,1035,1017.0,750
196,236.98,Electronics,39,Website,1285,1260.0,899
175,135.1,Furniture,4,Website,1061,1207.0,590
248,204.89,Furniture,30,Online Banking,1123,1109.0,683
521,205.48,Furniture,43,Website,1274,1148.0,881
460,336.72,Books,45,Online Banking,1162,1076.0,866
964,76.61,Books,9,Online Banking,1010,981.0,849
14,478.59,Groceries,26,Online Banking,1130,1076.0,911
380,412.82,Clothing,16,Mobile App,1193,,760
760,477.75,Groceries,13,Online Banking,1156,1118.0,891
474,294.37,Electronics,47,Online Banking,1149,1120.0,847
377,189.16,Furniture,10,Online Banking,1115,1188.0,790
700,394.23,Electronics,38,Online Banking,1228,1252.0,569
587,167.31,Electronics,10,Website,964,934.0,830
34,269.06,Books,44,Online Banking,1091,1103.0,828
70,284.85,Clothing,10,Mobile App,1282,,847
500,54.28,Electronics,46,Online Banking,1120,,595
53,218.92,Furniture,20,Mobile App,1074,,646
37,487.83,Clothing,3,Online Banking,945,1207.0,681
259,336.72,Furniture,39,Online Banking,991,1129.0,846
370,355.91,Books,47,Online Banking,1258,1018.0,748
902,67.83,Furniture,39,Online Banking,1183,1028.0,661
505,340.75,Clothing,22,Mobile App,1194,1208.0,747
661,16.09,Books,27,Mobile App,982,,636
4,123.59,Groceries,2,Website,951,1102.0,684
31,313.38,Books,23,Online Banking,1020,1117.0,692
974,62.8,Furniture,46,Mobile App,1258,,666
643,111.96,Furniture,27,Online Banking,1044,,661
449,377.12,Groceries,34,Mobile App,1040,1145.0,790
217,195.47,Furniture,1,Online Banking,1219,1193.0,695
337,153.54,Groceries,34,Website,1031,,683
778,446.03,Groceries,6,Online Banking,1123,1019.0,716
92,396.47,Groceries,37,Mobile App,1051,1007.0,739
747,280.8,Clothing,10,Online Banking,1272,1260.0,585
118,310.94,Clothing,34,Online Banking,1124,1253.0,647
239,366.67,Electronics,43,Mobile App,1232,977.0,639
476,262.08,Groceries,34,Mobile App,1085,996.0,891
687,16.66,Books,20,Online Banking,1253,1270.0,593
17,444.06,Groceries,8,Online Banking,1104,1160.0,675
669,479.52,Furniture,19,Website,1113,932.0,611
590,164.66,Groceries,21,Mobile App,1113,,634
506,68.56,Electronics,1,Online Banking,1208,1148.0,699
196,109.14,Furniture,39,Website,973,1169.0,899
657,113.2,Electronics,16,Online Banking,1060,1042.0,580
276,499.86,Books,26,Online Banking,1041,,768
482,55.8,Electronics,35,Website,1203,1256.0,896
383,290.04,Clothing,7,Online Banking,1137,1273.0,688
410,272.26,Books,30,Online Banking,1172,1017.0,700
750,63.34,Furniture,7,Website,959,1140.0,688
232,485.11,Electronics,32,Online Banking,1132,1211.0,670
865,336.84,Books,47,Mobile App,1216,992.0,760
299,9.8,Groceries,46,Mobile App,961,1132.0,613
347,44.91,Electronics,33,Mobile App,1198,962.0,720
522,494.34,Books,28,Website,1084,1032.0,663
253,179.77,Clothing,7,Online Banking,951,1083.0,584
60,457.37,Groceries,25,Mobile App,1174,1127.0,860
893,287.46,Electronics,38,Mobile App,1199,1114.0,634
976,145.68,Clothing,44,Online Banking,1210,,873
482,77.88,Clothing,35,Website,1007,1256.0,896
185,449.79,Groceries,4,Online Banking,1006,1182.0,625
131,450.67,Furniture,11,Website,1008,949.0,654
584,226.48,Electronics,44,Online Banking,1267,1117.0,610
354,84.99,Furniture,49,Online Banking,1164,1078.0,727
413,73.5,Clothing,33,Website,1186,1034.0,846
964,302.88,Books,9,Online Banking,1104,981.0,849
541,127.29,Clothing,38,Mobile App,1155,1285.0,656
994,192.41,Groceries,25,Mobile App,1136,1103.0,717
381,102.81,Furniture,33,Website,978,1233.0,722
563,281.41,Books,29,Mobile App,1261,,758
895,179.09,Groceries,12,Mobile App,1215,,652
307,293.56,Clothing,20,Mobile App,1191,1211.0,613
964,302.88,Books,9,Online Banking,1104,1113.0,849
561,35.65,Books,38,Online Banking,927,1175.0,626
648,262.86,Electronics,28,Website,1101,1218.0,698
360,165.51,Groceries,14,Online Banking,1142,1163.0,836
394,368.21,Clothing,25,Online Banking,1086,1076.0,729
34,240.24,Clothing,44,Online Banking,1083,1103.0,828
912,363.22,Electronics,6,Mobile App,954,971.0,710
185,7.21,Electronics,4,Online Banking,1030,991.0,625
881,189.28,Books,49,Website,1027,1186.0,830
276,66.59,Books,26,Online Banking,1120,,768
588,49.07,Books,5,Mobile App,1111,1124.0,596
824,318.01,Furniture,8,Online Banking,1090,,886
409,336.72,Clothing,35,Mobile App,1090,985.0,901
23,457.01,Books,19,Mobile App,1186,1209.0,733
758,63.8,Clothing,18,Online Banking,1059,938.0,702
75,214.25,Furniture,12,Mobile App,1028,1053.0,753
803,327.7,Books,25,Website,1173,960.0,603
550,381.24,Groceries,39,Online Banking,1119,948.0,557
810,254.76,Books,20,Online Banking,1266,1038.0,873
9,378.14,Groceries,24,Website,994,1059.0,743
231,347.94,Books,47,Online Banking,1124,,870
785,161.11,Furniture,33,Online Banking,1068,1203.0,640
563,377.69,Books,29,Mobile App,932,,758
152,177.93,Furniture,48,Mobile App,1175,,648
664,405.27,Electronics,45,Online Banking,976,984.0,685
136,228.16,Books,40,Mobile App,922,,610
247,154.02,Electronics,2,Online Banking,1007,1232.0,563
985,418.23,Furniture,9,Website,942,1155.0,858
283,322.71,Furniture,17,Online Banking,1114,,658
472,427.46,Groceries,6,Mobile App,1243,,557
356,272.88,Furniture,28,Mobile App,1084,,725
818,76.13,Electronics,41,Online Banking,1153,967.0,839
474,393.94,Electronics,47,Online Banking,1054,1066.0,847
838,240.73,Electronics,16,Online Banking,1184,992.0,918
5,308.8,Electronics,41,Website,1101,,621
279,69.63,Books,6,Mobile App,1113,1183.0,819
232,263.34,Furniture,32,Online Banking,976,1211.0,670
347,57.78,Books,33,Mobile App,1198,1099.0,720
152,64.75,Furniture,48,Mobile App,1212,,648
43,330.62,Clothing,25,Mobile App,1089,1195.0,776
145,484.18,Books,16,Online Banking,1198,1011.0,637
744,298.72,Clothing,27,Website,1230,,761
155,430.59,Electronics,18,Website,1017,1026.0,823
254,163.23,Electronics,1,Mobile App,1040,1093.0,684
577,395.48,Groceries,35,Website,1065,1084.0,806
759,191.93,Electronics,13,Website,1235,1147.0,850
428,261.91,Electronics,36,Mobile App,1124,1104.0,699
999,387.96,Groceries,23,Website,1089,,913
321,241.94,Groceries,32,Online Banking,1212,955.0,618
329,161.5,Furniture,37,Online Banking,1142,1112.0,696
693,323.51,Electronics,43,Mobile App,1020,1098.0,647
244,322.59,Electronics,15,Online Banking,1198,1212.0,749
347,408.58,Groceries,33,Mobile App,971,962.0,720
105,74.68,Furniture,30,Website,1148,997.0,563
920,22.92,Electronics,14,Mobile App,1088,1249.0,640
272,101.13,Electronics,26,Online Banking,1101,1044.0,724
37,489.73,Clothing,3,Online Banking,1059,1207.0,681
888,89.65,Clothing,1,Online Banking,1178,1256.0,674
464,174.86,Furniture,22,Website,1233,,576
664,314.72,Books,45,Online Banking,1240,984.0,685
172,422.53,Electronics,25,Website,1082,1104.0,575
383,409.04,Groceries,7,Online Banking,1168,1169.0,688
519,320.94,Groceries,18,Mobile App,981,1134.0,761
626,431.38,Clothing,16,Website,1267,,863
738,389.35,Furniture,28,Mobile App,1184,1055.0,776
701,30.89,Books,41,Online Banking,991,,903
885,368.48,Clothing,43,Mobile App,1024,1202.0,912
400,332.76,Clothing,39,Online Banking,996,,843
301,126.61,Clothing,34,Online Banking,1059,1013.0,646
737,424.32,Furniture,16,Mobile App,1265,1038.0,788
705,475.86,Groceries,40,Website,1244,1276.0,785
937,118.64,Books,24,Mobile App,1176,1009.0,832
798,36.01,Books,5,Mobile App,1161,1195.0,774
916,193.08,Books,44,Mobile App,1191,,678
652,99.66,Clothing,40,Website,1140,1209.0,783
322,61.98,Electronics,1,Online Banking,1132,1163.0,597
904,458.97,Clothing,36,Mobile App,1264,1133.0,593
534,219.76,Electronics,37,Mobile App,1013,1024.0,693
292,86.01,Electronics,37,Website,981,1169.0,581
923,196.96,Clothing,43,Website,1057,942.0,880
994,143.23,Electronics,25,Mobile App,1150,1152.0,717
550,317.34,Electronics,39,Online Banking,1134,948.0,557
228,253.02,Books,32,Website,1099,1070.0,632
145,410.66,Books,16,Online Banking,1009,1011.0,637
334,345.03,Furniture,11,Online Banking,1219,1125.0,903
147,439.53,Groceries,34,Mobile App,1210,963.0,676
363,5.53,Electronics,27,Online Banking,985,1254.0,920
635,284.15,Clothing,26,Online Banking,1171,1210.0,577
863,162.11,Books,26,Online Banking,1280,1176.0,634
627,397.9,Books,49,Website,1087,1094.0,601
174,202.38,Clothing,36,Mobile App,944,1197.0,853
160,169.4,Electronics,43,Online Banking,1264,1086.0,799
215,123.37,Clothing,42,Online Banking,1186,958.0,610
750,186.75,Clothing,7,Website,1257,1076.0,688
681,483.99,Electronics,32,Mobile App,1225,,748
511,196.94,Furniture,19,Online Banking,928,1280.0,878
236,299.58,Furniture,30,Online Banking,1225,1278.0,653
916,86.92,Groceries,44,Mobile App,998,,678
215,123.37,Clothing,42,Online Banking,1186,989.0,610
546,148.71,Groceries,14,Online Banking,1261,1055.0,880
717,56.27,Clothing,34,Website,1113,967.0,798
865,219.03,Furniture,47,Mobile App,1248,992.0,760
893,203.71,Electronics,38,Mobile App,1208,1004.0,634
594,225.49,Clothing,30,Mobile App,1025,927.0,761
48,170.22,Electronics,34,Website,943,,758
751,367.17,Clothing,34,Website,1024,924.0,685
371,6.3,Electronics,35,Website,924,931.0,755
831,218.86,Furniture,4,Mobile App,1274,1107.0,675
734,80.32,Furniture,11,Mobile App,1183,941.0,674
871,413.92,Clothing,38,Online Banking,1027,1089.0,662
416,318.44,Books,16,Online Banking,1053,1169.0,808
91,483.91,Groceries,43,Mobile App,1283,1142.0,887
20,462.1,Books,16,Website,1192,1086.0,694
659,252.58,Books,10,Website,1233,1058.0,653
588,273.55,Electronics,5,Mobile App,1094,1124.0,596
241,314.17,Books,1,Mobile App,1037,1137.0,568
474,290.72,Groceries,47,Online Banking,962,1120.0,847
231,449.55,Clothing,47,Online Banking,954,,870
139,280.48,Electronics,22,Website,1084,1208.0,767
833,480.2,Electronics,25,Mobile App,1099,1173.0,664
647,12.46,Electronics,24,Mobile App,1274,1156.0,851
793,189.83,Clothing,32,Website,1224,1052.0,634
228,238.01,Furniture,32,Website,1201,1094.0,632
175,62.04,Groceries,4,Website,1073,1262.0,590
26,318.48,Books,45,Mobile App,942,940.0,649
615,276.52,Groceries,7,Online Banking,1113,1062.0,698
439,247.1,Books,41,Online Banking,1241,1107.0,870
306,311.85,Furniture,17,Mobile App,1046,,798
988,385.45,Furniture,31,Website,1108,1233.0,876
812,288.81,Books,39,Mobile App,933,1267.0,853
63,124.41,Furniture,7,Mobile App,1167,,775
805,136.08,Groceries,24,Website,1192,1126.0,904
876,469.02,Electronics,4,Online Banking,924,1005.0,658
777,250.9,Furniture,5,Website,1258,,656
169,266.32,Furniture,39,Mobile App,1271,1096.0,752
727,183.18,Furniture,30,Mobile App,1165,,696
172,441.8,Electronics,25,Website,1279,1260.0,575
93,138.08,Groceries,42,Mobile App,1133,1189.0,632
531,344.87,Furniture,12,Online Banking,1237,1032.0,608
584,398.84,Electronics,44,Online Banking,1056,1117.0,610
297,74.09,Clothing,3,Mobile App,1125,,642
802,434.72,Clothing,24,Mobile App,1100,1235.0,671
22,463.48,Groceries,42,Mobile App,1006,1068.0,795
181,271.16,Clothing,30,Mobile App,941,,809
808,499.57,Groceries,20,Online Banking,1037,1180.0,691
222,50.08,Groceries,7,Website,1236,,767
158,191.97,Books,30,Online Banking,1146,,645
745,353.88,Books,48,Website,955,,760
474,499.06,Clothing,47,Online Banking,1067,1120.0,847
505,324.29,Clothing,22,Mobile App,1074,1152.0,747
397,312.73,Books,10,Online Banking,1156,,791
673,18.54,Groceries,13,Mobile App,1085,1196.0,738
738,389.35,Furniture,28,Mobile App,1184,977.0,776
594,260.8,Furniture,30,Mobile App,1225,1090.0,761
54,178.11,Groceries,22,Online Banking,1122,1274.0,901
190,262.13,Groceries,22,Website,992,1127.0,830
600,269.53,Groceries,38,Online Banking,1038,1161.0,595
986,98.39,Groceries,49,Online Banking,1190,1139.0,609
940,106.15,Groceries,27,Mobile App,1176,1034.0,827
659,437.72,Clothing,10,Website,1015,1058.0,653
743,179.05,Groceries,14,Online Banking,1169,1238.0,712
770,94.86,Clothing,36,Website,988,996.0,891
236,257.05,Electronics,30,Online Banking,970,1278.0,653
377,189.16,Furniture,10,Online Banking,1115,1139.0,790
942,69.29,Clothing,36,Online Banking,1266,,757
758,18.8,Furniture,18,Online Banking,1092,938.0,702
39,439.79,Electronics,26,Online Banking,1054,,901
575,190.29,Books,21,Mobile App,1011,1029.0,730
821,125.51,Furniture,20,Mobile App,1243,1136.0,751
160,196.98,Groceries,43,Online Banking,1182,1237.0,799
189,155.02,Furniture,41,Mobile App,1101,1040.0,749
158,8.89,Books,30,Online Banking,1025,,645
950,321.76,Furniture,21,Online Banking,1061,,809
674,220.16,Groceries,44,Online Banking,1249,1207.0,898
654,286.58,Groceries,19,Mobile App,1150,1213.0,871
475,91.4,Books,35,Mobile App,1259,1106.0,793
703,26.19,Books,15,Mobile App,1202,1086.0,662
640,336.12,Furniture,45,Website,985,1091.0,593
904,24.01,Clothing,36,Mobile App,989,1133.0,593
432,115.27,Groceries,26,Mobile App,1098,,571
728,325.74,Clothing,37,Website,1262,1004.0,796
328,127.76,Books,49,Mobile App,954,,814
466,33.87,Furniture,28,Online Banking,1109,,745
433,454.6,Groceries,14,Mobile App,1101,,584
843,303.04,Clothing,31,Website,1145,926.0,883
977,142.92,Books,20,Online Banking,1084,1191.0,882
83,458.03,Clothing,25,Mobile App,1211,1174.0,556
482,229.55,Groceries,35,Website,1042,1213.0,896
392,270.45,Groceries,33,Mobile App,1159,1111.0,675
840,14.76,Electronics,39,Mobile App,1021,1262.0,746
808,372.13,Clothing,20,Online Banking,1006,1180.0,691
251,251.56,Groceries,28,Website,947,1000.0,838
153,485.08,Books,42,Online Banking,1221,1070.0,895
440,138.91,Books,34,Online Banking,1056,1160.0,871
709,346.94,Books,13,Mobile App,1155,,719
676,175.66,Books,45,Mobile App,1240,,601
916,184.87,Furniture,44,Mobile App,1146,,678
58,467.63,Clothing,9,Online Banking,1236,1265.0,814
803,342.64,Furniture,25,Website,1122,960.0,603
406,213.26,Groceries,15,Website,1042,1067.0,558
750,435.75,Books,7,Website,1114,1140.0,688
511,223.98,Furniture,19,Online Banking,1128,1280.0,878
425,79.79,Books,33,Website,1157,957.0,614
701,329.3,Furniture,41,Online Banking,1033,,903
962,29.2,Groceries,19,Online Banking,1217,1243.0,827
1000,375.34,Groceries,22,Mobile App,1120,,696
90,271.07,Clothing,47,Online Banking,969,1039.0,771
387,47.52,Clothing,39,Website,926,950.0,618
316,102.23,Clothing,18,Mobile App,1019,,893
280,196.3,Furniture,42,Online Banking,966,1124.0,598
623,204.72,Furniture,41,Online Banking,1220,963.0,819
844,30.25,Clothing,20,Mobile App,1055,,617
776,403.36,Clothing,31,Mobile App,1232,1234.0,703
370,373.3,Groceries,47,Online Banking,1028,1056.0,748
810,294.13,Books,20,Online Banking,1195,1038.0,873
457,108.57,Furniture,44,Website,995,1067.0,756
623,138.87,Electronics,41,Online Banking,962,963.0,819
818,248.09,Groceries,41,Online Banking,1002,967.0,839
575,48.33,Electronics,21,Mobile App,1092,1068.0,730
675,41.06,Books,48,Online Banking,1164,1129.0,763
982,224.23,Furniture,4,Mobile App,1218,1017.0,750
288,134.68,Groceries,1,Website,1108,965.0,841
16,250.51,Furniture,41,Online Banking,960,1035.0,847
201,390.4,Clothing,27,Online Banking,1266,1201.0,695
330,237.97,Groceries,17,Mobile App,1051,,660
169,20.04,Furniture,39,Mobile App,1006,1096.0,752
188,456.67,Furniture,49,Mobile App,1052,1282.0,833
928,353.47,Books,40,Website,1083,1147.0,780
693,335.95,Electronics,43,Mobile App,1254,1098.0,647
322,61.98,Electronics,1,Online Banking,1132,992.0,597
388,440.39,Furniture,5,Online Banking,955,,688
819,190.85,Furniture,24,Website,979,1048.0,795
433,157.41,Electronics,14,Mobile App,1136,,584
252,8.69,Groceries,11,Online Banking,1176,,698
582,105.43,Books,20,Online Banking,999,,630
835,82.55,Furniture,1,Mobile App,1107,961.0,719
185,150.66,Clothing,4,Online Banking,1024,1182.0,625
495,406.87,Clothing,37,Online Banking,944,1175.0,914
542,85.47,Electronics,4,Mobile App,1006,,733
347,441.99,Clothing,33,Mobile App,931,1099.0,720
324,145.07,Clothing,4,Mobile App,980,1055.0,867
796,434.45,Clothing,16,Website,1064,,881
864,96.27,Books,34,Website,1266,,842
226,17.88,Clothing,11,Mobile App,936,1265.0,852
608,142.01,Clothing,2,Mobile App,1048,1038.0,907
985,476.8,Groceries,9,Website,1207,1168.0,858
893,483.22,Furniture,38,Mobile App,1085,1114.0,634
449,134.56,Groceries,34,Mobile App,1120,1174.0,790
787,218.93,Furniture,14,Website,958,1028.0,791
599,449.2,Groceries,3,Website,1231,1139.0,571
104,407.66,Clothing,3,Online Banking,944,1283.0,839
744,252.57,Clothing,27,Website,1000,,761
175,179.18,Books,4,Website,1236,1207.0,590
769,200.99,Furniture,10,Mobile App,1159,1285.0,775
254,337.91,Clothing,1,Mobile App,1119,1077.0,684
749,155.68,Groceries,44,Online Banking,1199,1040.0,864
674,342.21,Electronics,44,Online Banking,1151,1207.0,898
406,371.71,Groceries,15,Website,1224,1018.0,558
986,101.02,Clothing,49,Online Banking,1091,1285.0,609
241,409.19,Electronics,1,Mobile App,1163,1137.0,568
224,230.95,Books,5,Website,1029,,785
975,275.54,Furniture,19,Mobile App,943,,664
883,11.93,Clothing,4,Website,1161,1163.0,633
522,101.97,Electronics,28,Website,1214,1032.0,663
124,318.29,Books,33,Website,1059,948.0,871
537,473.41,Electronics,9,Online Banking,1046,,774
103,230.4,Electronics,46,Mobile App,1285,1016.0,804
130,391.42,Electronics,47,Mobile App,1191,1037.0,865
305,288.26,Groceries,9,Mobile App,1118,,725
100,13.36,Clothing,45,Online Banking,1037,951.0,768
495,371.46,Books,37,Online Banking,1128,1175.0,914
864,41.2,Clothing,34,Website,931,,842
896,103.89,Furniture,42,Online Banking,1185,1001.0,595
189,155.02,Furniture,41,Mobile App,1101,1206.0,749
119,275.22,Groceries,18,Mobile App,1140,1229.0,833
960,337.45,Books,41,Online Banking,994,1164.0,880
329,172.15,Groceries,37,Online Banking,957,1112.0,696
983,345.66,Groceries,49,Mobile App,1028,1136.0,792
8,253.68,Furniture,17,Online Banking,1092,1167.0,809
380,15.23,Furniture,16,Mobile App,1007,,760
864,188.73,Books,34,Website,1144,,842
458,454.84,Furniture,33,Website,1135,,911
370,373.3,Groceries,47,Online Banking,1028,1018.0,748
590,463.01,Groceries,21,Mobile App,1001,,634
247,444.4,Clothing,2,Online Banking,1278,990.0,563
349,390.41,Electronics,24,Mobile App,1208,1197.0,689
384,150.97,Clothing,33,Website,1232,1021.0,561
236,343.69,Clothing,30,Online Banking,948,1278.0,653
763,91.44,Electronics,14,Mobile App,1103,938.0,803
329,156.87,Groceries,37,Online Banking,1251,1112.0,696
26,207.37,Clothing,45,Mobile App,1074,940.0,649
196,466.37,Groceries,39,Website,930,1260.0,899
198,84.67,Books,45,Online Banking,1118,,749
383,39.47,Clothing,7,Online Banking,1006,1169.0,688
28,329.36,Books,42,Online Banking,1260,1182.0,622
599,268.61,Electronics,3,Website,1031,974.0,571
291,158.31,Clothing,15,Website,1106,1079.0,652
849,20.62,Furniture,29,Website,941,997.0,901
635,272.72,Books,26,Online Banking,1148,1210.0,577
812,288.81,Books,39,Mobile App,933,1092.0,853
122,433.38,Electronics,17,Mobile App,1206,1195.0,756
623,204.72,Furniture,41,Online Banking,1220,975.0,819
537,277.38,Furniture,9,Online Banking,1085,,774
702,10.97,Books,38,Mobile App,1210,,556
185,125.64,Clothing,4,Online Banking,935,1182.0,625
190,216.1,Electronics,22,Website,980,1127.0,830
84,351.3,Furniture,45,Online Banking,1259,,587
769,151.61,Electronics,10,Mobile App,1113,1285.0,775
86,452.17,Groceries,1,Website,1168,,630
914,299.07,Books,43,Website,1212,1225.0,709
988,435.96,Groceries,31,Website,1080,1184.0,876
372,35.85,Groceries,23,Website,1110,966.0,622
506,385.66,Groceries,1,Online Banking,1260,1148.0,699
795,492.61,Books,48,Online Banking,1098,972.0,556
809,52.24,Furniture,5,Mobile App,981,,880
226,393.1,Clothing,11,Mobile App,1130,1265.0,852
801,454.68,Furniture,4,Website,1135,,673
400,33.28,Groceries,39,Online Banking,958,,843
100,453.32,Groceries,45,Online Banking,1238,951.0,768
674,446.98,Furniture,44,Online Banking,1219,1232.0,898
675,159.75,Books,48,Online Banking,1130,1129.0,763
223,329.29,Groceries,4,Online Banking,1066,1053.0,718
776,297.39,Furniture,31,Mobile App,1102,1044.0,703
816,111.94,Books,31,Online Banking,987,,628
589,57.56,Books,11,Mobile App,964,1098.0,811
838,30.05,Clothing,16,Online Banking,1023,1048.0,918
377,398.24,Books,10,Online Banking,927,1139.0,790
627,345.87,Electronics,49,Website,1179,1094.0,601
420,350.71,Furniture,37,Website,1050,1067.0,915
346,157.0,Electronics,17,Online Banking,1023,1278.0,914
21,217.3,Groceries,18,Website,1187,,754
294,240.21,Books,22,Online Banking,1199,1035.0,843
914,299.07,Books,43,Website,1212,1096.0,709
10,5.86,Furniture,29,Online Banking,1036,,908
789,76.14,Furniture,2,Website,989,1084.0,658
928,357.99,Groceries,40,Website,1086,1147.0,780
539,373.94,Books,13,Mobile App,1284,1026.0,656
589,55.14,Clothing,11,Mobile App,1030,963.0,811
659,59.8,Books,10,Website,1097,1153.0,653
169,428.65,Clothing,39,Mobile App,937,1096.0,752
142,186.63,Books,18,Mobile App,1034,1223.0,804
902,7.49,Books,39,Online Banking,1121,1028.0,661
286,110.29,Books,5,Website,945,997.0,828
128,147.45,Books,23,Website,1201,1133.0,733
469,118.83,Clothing,4,Mobile App,1012,1253.0,624
28,339.61,Furniture,42,Online Banking,1280,1182.0,622
110,356.25,Electronics,25,Website,969,947.0,638
35,471.59,Books,19,Mobile App,1193,1098.0,778
675,98.15,Groceries,48,Online Banking,1259,1129.0,763
97,155.12,Furniture,38,Website,1170,1180.0,567
519,19.95,Furniture,18,Mobile App,982,1095.0,761
683,163.04,Furniture,26,Online Banking,958,1235.0,690
994,236.58,Clothing,25,Mobile App,1272,1103.0,717
324,145.07,Clothing,4,Mobile App,980,1050.0,867
986,158.02,Furniture,49,Online Banking,1248,1285.0,609
655,359.7,Groceries,26,Mobile App,1074,1124.0,890
362,352.76,Groceries,5,Mobile App,978,1201.0,695
448,265.14,Groceries,41,Mobile App,945,,670
110,356.25,Electronics,25,Website,969,1066.0,638
668,371.56,Groceries,32,Website,927,937.0,767
331,230.85,Electronics,30,Website,1067,1162.0,919
287,171.69,Clothing,20,Website,938,948.0,760
700,343.42,Furniture,38,Online Banking,1026,1252.0,569
966,444.27,Electronics,4,Mobile App,1181,,785
424,214.66,Groceries,39,Website,1103,1119.0,654
803,248.13,Clothing,25,Website,926,960.0,603
3,287.72,Groceries,3,Website,1096,1050.0,602
652,279.94,Furniture,40,Website,1155,1120.0,783
720,323.99,Furniture,24,Website,1203,1111.0,891
169,64.69,Furniture,39,Mobile App,1138,1096.0,752
330,404.75,Books,17,Mobile App,992,,660
27,415.81,Electronics,22,Mobile App,972,1122.0,647
674,232.54,Books,44,Online Banking,1177,1232.0,898
74,236.75,Clothing,44,Mobile App,1066,1225.0,871
641,104.29,Groceries,7,Online Banking,1257,1227.0,755
465,211.47,Books,46,Website,1059,,603
124,226.06,Clothing,33,Website,1155,948.0,871
449,435.43,Furniture,34,Mobile App,1010,1145.0,790
532,422.92,Clothing,38,Website,1062,1073.0,626
553,438.46,Clothing,46,Website,954,,593
77,460.67,Clothing,29,Online Banking,1048,,633
787,5.76,Books,14,Website,1002,1028.0,791
788,468.7,Books,39,Online Banking,1023,,689
230,263.05,Electronics,9,Online Banking,971,1034.0,674
769,151.61,Electronics,10,Mobile App,1113,1201.0,775
174,9.83,Books,36,Mobile App,957,1197.0,853
361,8.31,Clothing,49,Mobile App,1260,,812
352,349.53,Books,26,Website,981,946.0,676
464,247.73,Clothing,22,Website,1066,,576
74,317.21,Electronics,44,Mobile App,1126,1225.0,871
406,20.69,Groceries,15,Website,1114,1067.0,558
24,431.03,Furniture,12,Mobile App,975,980.0,644
373,254.79,Furniture,13,Online Banking,1162,1237.0,791
25,330.41,Groceries,27,Mobile App,1029,946.0,875
610,183.38,Furniture,11,Mobile App,1150,,580
221,386.79,Books,42,Mobile App,1222,1145.0,754
397,314.47,Furniture,10,Online Banking,973,,791
716,487.46,Electronics,47,Mobile App,1143,1207.0,910
138,461.47,Electronics,34,Online Banking,1148,1227.0,842
777,225.37,Books,5,Website,1008,,656
836,437.15,Furniture,47,Mobile App,1242,1025.0,764
182,359.68,Clothing,32,Online Banking,990,957.0,758
676,139.79,Electronics,45,Mobile App,1257,,601
922,426.66,Clothing,29,Website,1040,1103.0,699
445,27.91,Clothing,30,Online Banking,991,928.0,774
16,334.33,Books,41,Online Banking,969,1035.0,847
941,97.12,Clothing,16,Website,1186,,656
169,85.25,Furniture,39,Mobile App,1193,1096.0,752
765,498.03,Electronics,13,Online Banking,1031,982.0,580
884,423.22,Clothing,8,Online Banking,1192,1103.0,643
516,479.35,Furniture,14,Mobile App,1057,,559
532,164.8,Electronics,38,Website,1256,1073.0,626
269,131.9,Electronics,1,Mobile App,953,1147.0,754
464,104.41,Books,22,Website,1095,,576
877,449.78,Groceries,36,Website,1001,,770
47,158.06,Books,21,Website,1197,,812
47,49.88,Electronics,21,Website,963,,812
559,290.65,Books,43,Website,1219,1267.0,694
188,424.94,Clothing,49,Mobile App,1097,1030.0,833
816,14.1,Clothing,31,Online Banking,1132,,628
184,80.42,Furniture,41,Online Banking,1251,,817
97,398.53,Furniture,38,Website,1032,1180.0,567
22,159.75,Furniture,42,Mobile App,1254,1279.0,795
807,270.06,Groceries,13,Mobile App,1057,,862
141,485.11,Groceries,41,Online Banking,1023,1257.0,742
509,223.45,Books,22,Website,994,1054.0,701
104,125.87,Electronics,3,Online Banking,992,1283.0,839
92,74.37,Furniture,37,Mobile App,996,1007.0,739
838,240.73,Electronics,16,Online Banking,1184,1048.0,918
324,78.05,Books,4,Mobile App,1202,1050.0,867
752,188.18,Clothing,27,Website,1003,1082.0,580
121,492.28,Books,38,Mobile App,1012,1188.0,669
589,420.33,Groceries,11,Mobile App,1013,963.0,811
584,243.9,Clothing,44,Online Banking,1097,1117.0,610
146,418.07,Groceries,8,Mobile App,1025,,575
298,90.19,Electronics,29,Website,1194,975.0,686
190,399.7,Groceries,22,Website,1155,1127.0,830
395,408.66,Electronics,22,Online Banking,935,1076.0,718
688,122.33,Books,6,Website,975,951.0,643
242,107.37,Groceries,35,Online Banking,1230,1019.0,874
562,277.2,Books,26,Online Banking,1068,,788
393,412.06,Groceries,43,Website,1212,1262.0,583
817,153.21,Groceries,30,Website,1280,,570
547,147.36,Books,29,Website,942,,899
481,374.18,Books,32,Website,1103,1175.0,721
100,13.36,Clothing,45,Online Banking,1037,1252.0,768
276,285.56,Furniture,26,Online Banking,1214,,768
986,341.03,Clothing,49,Online Banking,1260,1285.0,609
716,20.38,Clothing,47,Mobile App,1206,1159.0,910
795,230.08,Clothing,48,Online Banking,1077,972.0,556
300,299.04,Groceries,32,Website,1077,1282.0,633
456,199.7,Clothing,34,Mobile App,1149,1207.0,595
471,327.02,Electronics,13,Mobile App,1251,1267.0,911
340,179.69,Electronics,48,Mobile App,974,1245.0,657
671,174.93,Clothing,45,Online Banking,1018,991.0,862
195,267.77,Electronics,14,Website,1139,1027.0,855
229,240.19,Furniture,37,Website,1208,1062.0,564
432,235.03,Books,26,Mobile App,1230,,571
194,289.38,Clothing,34,Website,1104,,625
599,403.23,Groceries,3,Website,1270,1139.0,571
216,350.4,Clothing,35,Mobile App,1149,1023.0,672
14,412.2,Furniture,26,Online Banking,1179,1076.0,911
626,478.6,Groceries,16,Website,1079,,863
705,475.86,Groceries,40,Website,1244,999.0,785
93,124.99,Books,42,Mobile App,964,1006.0,632
349,192.45,Groceries,24,Mobile App,1178,1197.0,689
960,255.21,Clothing,41,Online Banking,1038,1117.0,880
185,287.09,Furniture,4,Online Banking,1191,1182.0,625
836,56.15,Electronics,47,Mobile App,1280,1023.0,764
920,233.6,Furniture,14,Mobile App,1163,1249.0,640
122,341.2,Groceries,17,Mobile App,1082,1195.0,756
543,103.23,Furniture,16,Online Banking,1100,1249.0,684
423,194.01,Clothing,4,Mobile App,1254,,827
217,435.48,Clothing,1,Online Banking,1137,1193.0,695
329,440.65,Clothing,37,Online Banking,1150,1112.0,696
894,89.99,Clothing,37,Mobile App,1026,1110.0,688
583,467.16,Clothing,40,Online Banking,1091,,875
69,421.42,Books,29,Mobile App,948,1008.0,604
505,324.56,Furniture,22,Mobile App,933,1208.0,747
302,272.15,Furniture,8,Website,1194,1085.0,872
497,423.73,Clothing,40,Mobile App,1036,1189.0,679
955,217.97,Electronics,26,Website,1283,1100.0,579
636,283.02,Electronics,7,Online Banking,1145,933.0,651
639,243.14,Clothing,29,Website,1163,1019.0,832
819,241.79,Clothing,24,Website,1025,1048.0,795
182,480.14,Furniture,32,Online Banking,1276,957.0,758
715,442.93,Furniture,38,Online Banking,1064,986.0,768
872,468.54,Electronics,16,Website,1150,,801
87,148.39,Clothing,43,Website,1000,942.0,595
317,154.28,Furniture,20,Website,1230,1251.0,768
646,163.69,Books,17,Website,1159,,867
908,403.95,Groceries,3,Website,1195,1115.0,581
451,30.37,Furniture,42,Mobile App,1077,1002.0,727
769,348.52,Furniture,10,Mobile App,1153,1201.0,775
147,186.82,Clothing,34,Mobile App,1261,1114.0,676
735,60.1,Electronics,28,Website,1059,1103.0,643
730,54.27,Electronics,43,Website,1189,1229.0,567
175,155.9,Electronics,4,Website,1225,1262.0,590
528,276.34,Electronics,27,Online Banking,1218,940.0,785
570,366.48,Groceries,21,Mobile App,1234,1050.0,705
357,197.16,Electronics,45,Online Banking,1093,1202.0,668
641,30.15,Groceries,7,Online Banking,1140,1223.0,755
784,311.59,Books,13,Online Banking,1006,1216.0,700
141,151.5,Groceries,41,Online Banking,1109,1257.0,742
119,61.45,Furniture,18,Mobile App,1212,1267.0,833
272,278.76,Groceries,26,Online Banking,1196,1044.0,724
147,387.19,Clothing,34,Mobile App,1102,1114.0,676
693,101.09,Electronics,43,Mobile App,939,1098.0,647
264,317.21,Books,44,Online Banking,1170,1222.0,854
885,213.09,Electronics,43,Mobile App,1268,1202.0,912
123,375.92,Groceries,23,Mobile App,1115,1057.0,847
250,286.86,Groceries,32,Website,1261,1181.0,912
335,369.64,Clothing,2,Mobile App,945,997.0,560
172,357.22,Furniture,25,Website,956,1260.0,575
407,115.9,Books,48,Mobile App,1151,1206.0,684
310,269.33,Furniture,5,Online Banking,1164,,735
641,30.15,Groceries,7,Online Banking,1140,1227.0,755
155,177.59,Clothing,18,Website,1230,958.0,823
20,315.55,Furniture,16,Website,1182,1086.0,694
598,29.45,Furniture,40,Online Banking,1072,,731
961,150.02,Clothing,21,Mobile App,1004,1011.0,800
378,460.01,Books,36,Website,981,1036.0,687
545,195.78,Clothing,43,Website,1193,1062.0,640
672,77.31,Books,45,Mobile App,1136,1110.0,830
132,248.79,Electronics,36,Website,1015,,755
397,195.81,Furniture,10,Online Banking,935,,791
76,71.23,Clothing,5,Website,945,964.0,792
524,241.32,Furniture,49,Online Banking,1063,1065.0,618
796,457.81,Books,16,Website,997,,881
671,385.96,Books,45,Online Banking,1097,991.0,862
612,272.55,Clothing,41,Online Banking,1070,1214.0,570
753,181.76,Furniture,23,Online Banking,1103,1049.0,744
91,8.02,Furniture,43,Mobile App,1220,1272.0,887
440,6.65,Books,34,Online Banking,1251,986.0,871
617,376.48,Furniture,2,Online Banking,1014,,899
895,42.27,Clothing,12,Mobile App,1047,,652
787,218.93,Furniture,14,Website,958,986.0,791
594,20.27,Furniture,30,Mobile App,1104,1090.0,761
649,258.59,Electronics,26,Website,1040,1026.0,739
40,339.69,Furniture,20,Website,1275,959.0,634
629,193.2,Groceries,18,Online Banking,999,1122.0,914
659,252.58,Books,10,Website,1233,1153.0,653
582,469.78,Clothing,20,Online Banking,1277,,630
846,252.07,Furniture,41,Mobile App,1139,,659
448,359.14,Groceries,41,Mobile App,1035,,670
928,294.48,Electronics,40,Website,1158,947.0,780
316,90.61,Clothing,18,Mobile App,1225,,893
502,332.58,Furniture,38,Mobile App,1201,1253.0,658
216,290.67,Electronics,35,Mobile App,995,1023.0,672
896,145.58,Books,42,Online Banking,1254,1001.0,595
250,27.98,Clothing,32,Website,1279,1181.0,912
574,263.66,Furniture,17,Mobile App,1089,1013.0,830
656,261.34,Electronics,35,Mobile App,1021,,730
769,379.53,Groceries,10,Mobile App,1242,1201.0,775
156,40.42,Books,11,Mobile App,1265,,740
106,499.56,Groceries,49,Mobile App,953,1163.0,720
594,396.71,Groceries,30,Mobile App,1250,1090.0,761
955,118.98,Furniture,26,Website,987,1100.0,579
42,326.29,Groceries,10,Mobile App,1084,,723
519,19.95,Furniture,18,Mobile App,982,1134.0,761
929,358.27,Groceries,49,Online Banking,1084,,874
808,465.79,Groceries,20,Online Banking,1035,1180.0,691
232,204.86,Groceries,32,Online Banking,1186,958.0,670
69,132.16,Clothing,29,Mobile App,1210,1008.0,604
773,317.04,Groceries,35,Website,1141,,733
889,65.06,Books,4,Mobile App,1270,,895
752,188.18,Clothing,27,Website,1003,923.0,580
152,22.57,Electronics,48,Mobile App,1062,,648
371,427.27,Clothing,35,Website,1194,1069.0,755
855,414.71,Furniture,37,Online Banking,1049,1230.0,653
723,267.86,Clothing,13,Website,1245,945.0,768
735,372.43,Electronics,28,Website,937,1103.0,643
67,30.24,Books,17,Online Banking,973,1145.0,717
550,379.16,Groceries,39,Online Banking,930,930.0,557
24,76.78,Clothing,12,Mobile App,1128,980.0,644
740,59.01,Books,48,Online Banking,981,1102.0,774
869,79.01,Books,19,Online Banking,1176,1126.0,572
593,424.57,Furniture,9,Online Banking,1153,1028.0,917
180,265.48,Groceries,6,Online Banking,1009,,891
281,26.12,Books,34,Online Banking,1092,1082.0,572
885,75.18,Books,43,Mobile App,986,1202.0,912
369,307.14,Electronics,35,Website,998,926.0,883
571,471.98,Furniture,8,Website,986,1213.0,806
60,94.75,Clothing,25,Mobile App,932,1127.0,860
365,70.94,Electronics,24,Online Banking,1120,1115.0,619
228,415.79,Groceries,32,Website,1266,1070.0,632
772,467.71,Furniture,21,Online Banking,1060,933.0,801
458,169.28,Groceries,33,Website,1099,,911
93,138.08,Groceries,42,Mobile App,1133,1006.0,632
366,308.01,Books,46,Website,1182,,905
955,482.49,Electronics,26,Website,1048,929.0,579
519,305.54,Groceries,18,Mobile App,960,1095.0,761
102,119.17,Furniture,32,Online Banking,959,1040.0,907
210,250.54,Groceries,29,Online Banking,1017,,716
120,142.75,Electronics,2,Online Banking,1157,1141.0,867
384,188.2,Furniture,33,Website,1235,1021.0,561
440,355.83,Clothing,34,Online Banking,1099,1160.0,871
710,169.47,Furniture,41,Website,1116,,802
190,124.39,Books,22,Website,1148,1127.0,830
801,284.49,Clothing,4,Website,954,,673
716,487.46,Electronics,47,Mobile App,1143,1159.0,910
371,487.18,Groceries,35,Website,1106,931.0,755
512,29.73,Books,48,Mobile App,1192,,707
300,241.73,Groceries,32,Website,1129,979.0,633
321,61.97,Clothing,32,Online Banking,995,1163.0,618
855,425.26,Groceries,37,Online Banking,993,1230.0,653
675,98.15,Groceries,48,Online Banking,1259,1084.0,763
812,318.96,Groceries,39,Mobile App,1016,1092.0,853
851,301.65,Electronics,39,Online Banking,1005,973.0,892
551,260.8,Electronics,45,Mobile App,1095,1105.0,918
121,118.33,Groceries,38,Mobile App,1236,1188.0,669
700,257.16,Books,38,Online Banking,1248,1252.0,569
649,256.04,Groceries,26,Website,991,1026.0,739
472,240.13,Books,6,Mobile App,1283,,557
380,100.04,Groceries,16,Mobile App,1171,,760
988,168.35,Clothing,31,Website,1241,1184.0,876
109,348.8,Books,20,Mobile App,1117,941.0,803
531,196.97,Clothing,12,Online Banking,1183,1032.0,608
91,32.98,Books,43,Mobile App,1054,1272.0,887
457,477.15,Clothing,44,Website,1078,1207.0,756
487,440.31,Furniture,34,Mobile App,1211,974.0,637
813,185.34,Groceries,49,Website,928,,579
15,68.63,Groceries,44,Online Banking,1146,995.0,755
328,6.69,Groceries,49,Mobile App,1050,,814
886,223.39,Furniture,7,Mobile App,1021,1188.0,688
585,407.33,Groceries,41,Online Banking,1026,1173.0,823
723,359.73,Books,13,Website,1155,945.0,768
639,258.42,Electronics,29,Website,1247,1019.0,832
915,168.42,Clothing,31,Online Banking,1269,,748
198,219.09,Electronics,45,Online Banking,1141,,749
844,428.16,Clothing,20,Mobile App,1205,,617
382,237.99,Books,14,Mobile App,1128,965.0,861
139,493.64,Electronics,22,Website,1235,1208.0,767
923,178.97,Furniture,43,Website,1074,942.0,880
599,329.31,Clothing,3,Website,1096,1139.0,571
642,31.11,Electronics,6,Online Banking,1177,995.0,694
516,122.17,Furniture,14,Mobile App,1019,,559
172,131.59,Furniture,25,Website,1147,1104.0,575
3,51.07,Clothing,3,Website,1059,1050.0,602
11,163.78,Books,30,Online Banking,1021,985.0,899
868,364.8,Books,12,Website,1174,,718
669,373.76,Electronics,19,Website,1101,1248.0,611
784,479.86,Groceries,13,Online Banking,1097,1168.0,700
475,118.29,Books,35,Mobile App,1274,1106.0,793
760,477.75,Groceries,13,Online Banking,1156,1214.0,891
106,499.56,Groceries,49,Mobile App,953,1145.0,720
474,455.82,Books,47,Online Banking,1154,1066.0,847
663,313.23,Groceries,3,Mobile App,1125,1232.0,819
39,12.77,Groceries,26,Online Banking,941,,901
403,307.53,Furniture,8,Online Banking,1000,1094.0,679
410,463.63,Furniture,30,Online Banking,1103,1017.0,700
641,265.8,Books,7,Online Banking,1155,1223.0,755
